event_id,object,index,n_tracks,conversionType
1,photon,0,1,0.0
1,photon,1,1,0.0
1,jet,0,3,
1,jet,1,2,
1,jet,2,0,
1,jet,3,0,
2,photon,0,1,0.0
2,jet,0,7,
2,jet,1,3,
2,jet,2,2,
2,jet,3,1,
2,jet,4,1,
2,jet,5,0,
2,jet,6,2,
2,jet,7,0,
2,jet,8,1,
3,jet,0,3,
3,jet,1,6,
3,jet,2,0,
3,jet,3,1,
3,jet,4,4,
4,photon,0,1,0.0
4,jet,0,0,
4,jet,1,4,
5,photon,0,2,0.0
5,jet,0,9,
5,jet,1,1,
6,photon,0,0,0.0
6,jet,0,5,
6,jet,1,1,
6,jet,2,1,
6,jet,3,3,
6,jet,4,3,
7,photon,0,1,0.0
7,jet,0,8,
7,jet,1,4,
7,jet,2,0,
7,jet,3,3,
7,jet,4,0,
7,jet,5,3,
8,photon,0,0,0.0
8,jet,0,5,
8,jet,1,6,
8,jet,2,2,
8,jet,3,1,
8,jet,4,2,
8,jet,5,1,
9,photon,0,0,0.0
9,jet,0,8,
9,jet,1,3,
9,jet,2,2,
10,photon,0,0,0.0
10,photon,1,0,0.0
10,jet,0,8,
10,jet,1,1,
10,jet,2,1,
11,photon,0,1,0.0
11,jet,0,11,
11,jet,1,6,
11,jet,2,0,
11,jet,3,2,
11,jet,4,1,
11,jet,5,1,
11,jet,6,1,
11,jet,7,1,
11,jet,8,1,
12,photon,0,0,0.0
12,jet,0,4,
12,jet,1,8,
12,jet,2,0,
12,jet,3,3,
12,jet,4,1,
12,jet,5,3,
12,jet,6,0,
13,jet,0,2,
13,jet,1,7,
13,jet,2,1,
13,jet,3,1,
13,jet,4,0,
14,photon,0,1,0.0
14,jet,0,7,
14,jet,1,4,
14,jet,2,4,
15,jet,0,3,
17,photon,0,1,0.0
17,photon,1,1,0.0
17,jet,0,8,
17,jet,1,2,
18,photon,0,1,0.0
18,jet,0,7,
18,jet,1,1,
18,jet,2,0,
18,jet,3,2,
18,jet,4,2,
18,jet,5,3,
18,jet,6,2,
18,jet,7,0,
18,jet,8,2,
18,jet,9,3,
18,jet,10,4,
18,jet,11,2,
18,jet,12,0,
18,jet,13,1,
18,jet,14,3,
18,jet,15,2,
18,jet,16,1,
18,jet,17,0,
18,jet,18,1,
18,jet,19,1,
18,jet,20,1,
18,jet,21,1,
18,jet,22,0,
18,jet,23,3,
18,jet,24,2,
20,photon,0,1,0.0
20,jet,0,3,
20,jet,1,1,
20,jet,2,3,
21,photon,0,1,0.0
21,jet,0,3,
21,jet,1,7,
21,jet,2,3,
21,jet,3,5,
21,jet,4,3,
21,jet,5,3,
21,jet,6,3,
21,jet,7,2,
21,jet,8,1,
21,jet,9,0,
21,jet,10,2,
21,jet,11,4,
21,jet,12,0,
21,jet,13,1,
21,jet,14,0,
22,photon,0,0,0.0
22,jet,0,4,
22,jet,1,4,
22,jet,2,3,
22,jet,3,5,
22,jet,4,2,
22,jet,5,0,
22,jet,6,1,
22,jet,7,0,
22,jet,8,2,
23,photon,0,1,0.0
23,jet,0,8,
23,jet,1,2,
23,jet,2,5,
24,jet,0,3,
24,jet,1,4,
24,jet,2,3,
24,jet,3,3,
24,jet,4,1,
24,jet,5,2,
24,jet,6,1,
24,jet,7,0,
24,jet,8,0,
24,jet,9,0,
24,jet,10,1,
24,jet,11,0,
24,jet,12,1,
24,jet,13,2,
24,jet,14,0,
24,jet,15,0,
24,jet,16,1,
25,photon,0,1,0.0
25,photon,1,0,0.0
25,jet,0,10,
25,jet,1,2,
26,photon,0,0,0.0
26,jet,0,0,
26,jet,1,4,
26,jet,2,2,
27,jet,0,9,
27,jet,1,1,
27,jet,2,4,
27,jet,3,3,
27,jet,4,1,
29,jet,0,4,
29,jet,1,5,
29,jet,2,1,
29,jet,3,1,
29,jet,4,2,
29,jet,5,2,
29,jet,6,2,
29,jet,7,1,
29,jet,8,3,
29,jet,9,1,
29,jet,10,3,
29,jet,11,1,
29,jet,12,1,
29,jet,13,1,
29,jet,14,1,
29,jet,15,2,
29,jet,16,1,
29,jet,17,1,
29,jet,18,1,
29,jet,19,1,
29,jet,20,3,
29,jet,21,1,
29,jet,22,2,
29,jet,23,0,
29,jet,24,0,
29,jet,25,1,
29,jet,26,1,
30,photon,0,0,0.0
30,jet,0,4,
30,jet,1,3,
30,jet,2,1,
30,jet,3,2,
30,jet,4,0,
30,jet,5,0,
30,jet,6,4,
30,jet,7,2,
30,jet,8,1,
31,photon,0,4,0.0
31,jet,0,2,
32,photon,0,1,0.0
32,jet,0,7,
32,jet,1,1,
32,jet,2,4,
32,jet,3,2,
32,jet,4,1,
32,jet,5,2,
34,photon,0,1,0.0
34,jet,0,10,
34,jet,1,2,
34,jet,2,3,
34,jet,3,3,
34,jet,4,2,
35,photon,0,0,0.0
35,jet,0,6,
35,jet,1,4,
35,jet,2,4,
35,jet,3,2,
35,jet,4,2,
35,jet,5,2,
35,jet,6,0,
35,jet,7,3,
35,jet,8,0,
35,jet,9,3,
35,jet,10,1,
35,jet,11,1,
35,jet,12,3,
35,jet,13,2,
35,jet,14,1,
35,jet,15,0,
35,jet,16,2,
36,photon,0,0,0.0
36,jet,0,7,
36,jet,1,4,
36,jet,2,6,
36,jet,3,2,
38,photon,0,0,0.0
38,photon,1,1,0.0
38,jet,0,2,
38,jet,1,2,
38,jet,2,1,
39,photon,0,1,0.0
39,jet,0,3,
39,jet,1,4,
39,jet,2,1,
39,jet,3,5,
39,jet,4,2,
39,jet,5,2,
39,jet,6,0,
39,jet,7,1,
40,photon,0,0,0.0
40,jet,0,5,
40,jet,1,0,
40,jet,2,9,
40,jet,3,3,
40,jet,4,2,
43,photon,0,1,0.0
43,jet,0,7,
43,jet,1,2,
43,jet,2,2,
43,jet,3,3,
43,jet,4,1,
43,jet,5,2,
43,jet,6,2,
43,jet,7,0,
43,jet,8,3,
43,jet,9,4,
43,jet,10,3,
43,jet,11,1,
44,photon,0,0,0.0
44,jet,0,5,
44,jet,1,3,
44,jet,2,1,
44,jet,3,0,
45,photon,0,0,0.0
45,jet,0,4,
45,jet,1,2,
45,jet,2,8,
45,jet,3,4,
45,jet,4,2,
45,jet,5,0,
45,jet,6,1,
46,photon,0,1,0.0
46,jet,0,5,
46,jet,1,1,
46,jet,2,1,
46,jet,3,2,
46,jet,4,1,
46,jet,5,4,
46,jet,6,3,
46,jet,7,2,
46,jet,8,2,
46,jet,9,0,
46,jet,10,1,
46,jet,11,2,
46,jet,12,1,
46,jet,13,0,
47,photon,0,1,0.0
47,jet,0,3,
47,jet,1,9,
47,jet,2,0,
47,jet,3,1,
47,jet,4,1,
47,jet,5,0,
47,jet,6,2,
47,jet,7,2,
47,jet,8,3,
47,jet,9,1,
47,jet,10,0,
47,jet,11,1,
47,jet,12,0,
47,jet,13,1,
47,jet,14,0,
47,jet,15,0,
47,jet,16,1,
47,jet,17,1,
47,jet,18,0,
47,jet,19,2,
47,jet,20,3,
47,jet,21,1,
48,photon,0,2,0.0
48,jet,0,1,
48,jet,1,0,
48,jet,2,1,
49,photon,0,0,0.0
49,photon,1,2,0.0
49,jet,0,11,
49,jet,1,2,
49,jet,2,0,
49,jet,3,3,
50,photon,0,1,0.0
50,photon,1,0,0.0
50,jet,0,3,
50,jet,1,4,
50,jet,2,4,
50,jet,3,1,
51,photon,0,0,0.0
51,jet,0,1,
51,jet,1,4,
51,jet,2,2,
51,jet,3,2,
51,jet,4,1,
51,jet,5,2,
51,jet,6,1,
52,jet,0,2,
52,jet,1,2,
52,jet,2,3,
52,jet,3,4,
52,jet,4,3,
52,jet,5,1,
52,jet,6,4,
53,photon,0,3,0.0
53,jet,0,5,
53,jet,1,1,
53,jet,2,6,
53,jet,3,1,
53,jet,4,1,
53,jet,5,0,
53,jet,6,0,
53,jet,7,1,
53,jet,8,3,
53,jet,9,0,
53,jet,10,0,
53,jet,11,1,
53,jet,12,1,
53,jet,13,0,
53,jet,14,2,
53,jet,15,0,
53,jet,16,2,
53,jet,17,2,
53,jet,18,2,
53,jet,19,1,
53,jet,20,0,
53,jet,21,1,
53,jet,22,1,
53,jet,23,1,
54,photon,0,3,0.0
54,jet,0,5,
54,jet,1,6,
54,jet,2,3,
54,jet,3,3,
54,jet,4,4,
54,jet,5,2,
54,jet,6,1,
55,photon,0,0,0.0
55,photon,1,4,0.0
55,jet,0,4,
55,jet,1,7,
55,jet,2,7,
55,jet,3,2,
55,jet,4,0,
55,jet,5,2,
55,jet,6,1,
55,jet,7,3,
57,photon,0,0,0.0
57,jet,0,7,
57,jet,1,2,
58,photon,0,3,0.0
58,photon,1,1,0.0
58,jet,0,2,
58,jet,1,3,
58,jet,2,1,
58,jet,3,1,
58,jet,4,0,
58,jet,5,0,
58,jet,6,3,
58,jet,7,0,
58,jet,8,1,
58,jet,9,2,
58,jet,10,1,
58,jet,11,0,
58,jet,12,0,
59,photon,0,1,0.0
59,jet,0,16,
59,jet,1,1,
59,jet,2,5,
59,jet,3,1,
61,photon,0,0,0.0
61,jet,0,6,
61,jet,1,2,
61,jet,2,1,
61,jet,3,1,
61,jet,4,0,
61,jet,5,1,
61,jet,6,1,
61,jet,7,1,
62,photon,0,0,0.0
62,jet,0,0,
62,jet,1,4,
62,jet,2,5,
62,jet,3,2,
62,jet,4,0,
62,jet,5,3,
62,jet,6,0,
62,jet,7,3,
62,jet,8,1,
62,jet,9,3,
62,jet,10,0,
62,jet,11,3,
64,photon,0,1,0.0
64,photon,1,1,0.0
64,jet,0,3,
64,jet,1,1,
65,photon,0,1,0.0
65,photon,1,2,0.0
65,jet,0,11,
65,jet,1,1,
65,jet,2,6,
65,jet,3,1,
65,jet,4,2,
65,jet,5,1,
65,jet,6,5,
65,jet,7,2,
65,jet,8,2,
65,jet,9,0,
65,jet,10,5,
66,photon,0,1,0.0
66,jet,0,5,
66,jet,1,6,
66,jet,2,4,
66,jet,3,2,
66,jet,4,1,
66,jet,5,3,
67,photon,0,1,0.0
67,jet,0,5,
67,jet,1,1,
67,jet,2,0,
67,jet,3,3,
68,photon,0,0,0.0
68,photon,1,0,0.0
68,jet,0,4,
68,jet,1,7,
70,photon,0,0,0.0
70,jet,0,2,
70,jet,1,1,
70,jet,2,3,
70,jet,3,0,
71,jet,0,3,
71,jet,1,3,
71,jet,2,5,
71,jet,3,2,
71,jet,4,1,
71,jet,5,1,
71,jet,6,2,
71,jet,7,0,
71,jet,8,1,
71,jet,9,3,
71,jet,10,1,
71,jet,11,0,
72,jet,0,2,
72,jet,1,6,
72,jet,2,1,
72,jet,3,1,
72,jet,4,2,
73,photon,0,1,0.0
73,jet,0,2,
73,jet,1,8,
73,jet,2,1,
73,jet,3,4,
74,jet,0,13,
74,jet,1,5,
74,jet,2,8,
74,jet,3,2,
74,jet,4,8,
74,jet,5,2,
74,jet,6,4,
74,jet,7,0,
74,jet,8,1,
74,jet,9,3,
75,photon,0,0,0.0
75,photon,1,1,0.0
75,jet,0,4,
75,jet,1,2,
75,jet,2,1,
75,jet,3,0,
75,jet,4,2,
75,jet,5,1,
76,photon,0,2,0.0
76,jet,0,1,
77,jet,0,2,
77,jet,1,4,
77,jet,2,4,
77,jet,3,2,
77,jet,4,1,
77,jet,5,2,
77,jet,6,3,
77,jet,7,2,
77,jet,8,1,
77,jet,9,1,
77,jet,10,3,
77,jet,11,1,
77,jet,12,0,
78,photon,0,0,0.0
78,jet,0,6,
78,jet,1,2,
78,jet,2,3,
78,jet,3,2,
79,photon,0,1,0.0
79,photon,1,2,0.0
79,jet,0,4,
79,jet,1,0,
79,jet,2,4,
79,jet,3,3,
79,jet,4,2,
79,jet,5,3,
80,photon,0,1,0.0
80,jet,0,5,
80,jet,1,0,
80,jet,2,2,
80,jet,3,1,
80,jet,4,1,
80,jet,5,1,
81,photon,0,2,0.0
81,photon,1,1,0.0
81,jet,0,3,
81,jet,1,0,
81,jet,2,3,
82,photon,0,0,0.0
82,photon,1,0,0.0
82,jet,0,3,
82,jet,1,7,
82,jet,2,4,
83,photon,0,0,0.0
83,jet,0,6,
83,jet,1,1,
83,jet,2,4,
83,jet,3,2,
84,photon,0,0,0.0
84,jet,0,6,
84,jet,1,1,
85,photon,0,0,0.0
85,jet,0,3,
85,jet,1,1,
85,jet,2,2,
85,jet,3,3,
85,jet,4,0,
85,jet,5,4,
85,jet,6,4,
85,jet,7,2,
85,jet,8,1,
85,jet,9,2,
86,photon,0,2,0.0
86,jet,0,2,
86,jet,1,1,
87,photon,0,1,0.0
87,photon,1,2,0.0
87,jet,0,12,
87,jet,1,2,
87,jet,2,1,
87,jet,3,1,
87,jet,4,1,
88,photon,0,1,0.0
88,jet,0,5,
88,jet,1,3,
88,jet,2,4,
90,photon,0,0,0.0
90,jet,0,6,
90,jet,1,5,
90,jet,2,1,
90,jet,3,1,
90,jet,4,3,
90,jet,5,1,
90,jet,6,2,
90,jet,7,3,
91,photon,0,0,0.0
91,jet,0,3,
91,jet,1,10,
91,jet,2,5,
91,jet,3,2,
91,jet,4,2,
91,jet,5,0,
91,jet,6,0,
92,jet,0,5,
92,jet,1,2,
92,jet,2,9,
92,jet,3,4,
92,jet,4,2,
92,jet,5,2,
92,jet,6,1,
92,jet,7,0,
92,jet,8,0,
93,photon,0,2,0.0
93,jet,0,4,
93,jet,1,5,
93,jet,2,2,
93,jet,3,4,
93,jet,4,0,
93,jet,5,0,
94,photon,0,0,0.0
94,jet,0,8,
94,jet,1,3,
94,jet,2,1,
94,jet,3,7,
94,jet,4,0,
94,jet,5,1,
94,jet,6,0,
94,jet,7,1,
94,jet,8,2,
95,photon,0,1,0.0
95,jet,0,5,
95,jet,1,6,
95,jet,2,1,
95,jet,3,3,
96,photon,0,1,0.0
96,photon,1,1,0.0
96,jet,0,4,
96,jet,1,2,
96,jet,2,5,
96,jet,3,3,
96,jet,4,7,
96,jet,5,2,
97,photon,0,3,0.0
97,jet,0,0,
97,jet,1,4,
97,jet,2,5,
97,jet,3,3,
97,jet,4,2,
98,photon,0,1,0.0
98,jet,0,7,
98,jet,1,0,
98,jet,2,0,
98,jet,3,3,
98,jet,4,1,
98,jet,5,4,
98,jet,6,1,
98,jet,7,0,
98,jet,8,1,
98,jet,9,2,
98,jet,10,1,
99,jet,0,3,
99,jet,1,3,
99,jet,2,5,
99,jet,3,2,
99,jet,4,1,
99,jet,5,1,
100,photon,0,1,0.0
100,jet,0,0,
100,jet,1,1,
100,jet,2,1,
101,photon,0,2,0.0
101,jet,0,4,
101,jet,1,1,
101,jet,2,5,
101,jet,3,0,
101,jet,4,0,
101,jet,5,1,
102,photon,0,0,0.0
102,photon,1,1,0.0
102,jet,0,4,
102,jet,1,5,
102,jet,2,7,
102,jet,3,0,
102,jet,4,1,
102,jet,5,3,
102,jet,6,2,
102,jet,7,1,
102,jet,8,2,
102,jet,9,0,
102,jet,10,3,
102,jet,11,1,
102,jet,12,2,
103,photon,0,2,0.0
103,photon,1,3,0.0
103,jet,0,9,
103,jet,1,6,
103,jet,2,2,
103,jet,3,3,
103,jet,4,2,
103,jet,5,1,
103,jet,6,0,
103,jet,7,4,
103,jet,8,1,
103,jet,9,0,
103,jet,10,1,
103,jet,11,1,
103,jet,12,2,
103,jet,13,1,
103,jet,14,3,
103,jet,15,0,
103,jet,16,2,
103,jet,17,3,
103,jet,18,1,
103,jet,19,1,
103,jet,20,0,
103,jet,21,6,
103,jet,22,2,
103,jet,23,1,
104,photon,0,2,0.0
104,jet,0,11,
104,jet,1,0,
104,jet,2,1,
104,jet,3,0,
104,jet,4,2,
104,jet,5,1,
104,jet,6,1,
105,jet,0,2,
105,jet,1,4,
105,jet,2,3,
105,jet,3,5,
105,jet,4,7,
105,jet,5,3,
105,jet,6,2,
105,jet,7,1,
106,photon,0,1,0.0
106,photon,1,1,0.0
106,jet,0,4,
106,jet,1,5,
106,jet,2,2,
106,jet,3,0,
106,jet,4,3,
106,jet,5,0,
106,jet,6,1,
106,jet,7,5,
107,photon,0,0,0.0
107,photon,1,1,0.0
107,jet,0,8,
107,jet,1,1,
107,jet,2,3,
107,jet,3,6,
107,jet,4,3,
109,photon,0,5,0.0
109,jet,0,0,
109,jet,1,1,
109,jet,2,2,
109,jet,3,0,
109,jet,4,3,
109,jet,5,2,
109,jet,6,1,
110,photon,0,0,0.0
110,photon,1,0,0.0
110,jet,0,3,
110,jet,1,4,
110,jet,2,7,
110,jet,3,1,
110,jet,4,3,
112,photon,0,0,0.0
112,jet,0,8,
112,jet,1,3,
112,jet,2,1,
112,jet,3,1,
112,jet,4,3,
112,jet,5,1,
112,jet,6,2,
112,jet,7,1,
112,jet,8,1,
112,jet,9,2,
113,photon,0,0,0.0
113,jet,0,4,
113,jet,1,2,
113,jet,2,2,
113,jet,3,0,
113,jet,4,1,
113,jet,5,0,
113,jet,6,0,
113,jet,7,1,
113,jet,8,0,
113,jet,9,2,
113,jet,10,0,
113,jet,11,0,
113,jet,12,3,
113,jet,13,0,
113,jet,14,1,
113,jet,15,1,
114,photon,0,1,0.0
114,jet,0,8,
114,jet,1,2,
114,jet,2,0,
114,jet,3,2,
114,jet,4,3,
114,jet,5,1,
115,jet,0,3,
115,jet,1,10,
115,jet,2,2,
115,jet,3,2,
115,jet,4,3,
115,jet,5,2,
115,jet,6,3,
115,jet,7,2,
115,jet,8,2,
115,jet,9,1,
115,jet,10,3,
115,jet,11,1,
115,jet,12,1,
115,jet,13,0,
115,jet,14,1,
115,jet,15,0,
117,photon,0,1,0.0
117,jet,0,9,
117,jet,1,3,
117,jet,2,3,
117,jet,3,1,
117,jet,4,2,
117,jet,5,1,
117,jet,6,1,
117,jet,7,2,
118,photon,0,0,0.0
118,jet,0,6,
118,jet,1,8,
118,jet,2,3,
118,jet,3,2,
118,jet,4,3,
118,jet,5,2,
118,jet,6,5,
119,photon,0,0,0.0
119,jet,0,4,
119,jet,1,5,
119,jet,2,1,
119,jet,3,1,
120,photon,0,0,0.0
120,jet,0,5,
120,jet,1,4,
120,jet,2,1,
120,jet,3,3,
120,jet,4,4,
121,photon,0,2,0.0
121,photon,1,1,0.0
121,jet,0,8,
121,jet,1,1,
121,jet,2,0,
124,photon,0,1,0.0
124,photon,1,0,0.0
124,jet,0,12,
124,jet,1,4,
125,photon,0,0,0.0
125,jet,0,5,
125,jet,1,1,
125,jet,2,3,
125,jet,3,1,
125,jet,4,0,
125,jet,5,2,
125,jet,6,1,
125,jet,7,1,
125,jet,8,2,
126,jet,0,6,
126,jet,1,1,
126,jet,2,1,
127,photon,0,2,0.0
127,photon,1,1,0.0
127,jet,0,4,
127,jet,1,5,
127,jet,2,1,
127,jet,3,1,
127,jet,4,1,
128,photon,0,0,0.0
128,jet,0,5,
128,jet,1,5,
128,jet,2,4,
130,photon,0,2,0.0
130,jet,0,11,
130,jet,1,5,
130,jet,2,4,
130,jet,3,3,
130,jet,4,4,
130,jet,5,2,
130,jet,6,0,
130,jet,7,1,
130,jet,8,5,
130,jet,9,2,
130,jet,10,1,
130,jet,11,0,
131,photon,0,3,0.0
131,jet,0,8,
131,jet,1,2,
131,jet,2,1,
131,jet,3,3,
131,jet,4,1,
131,jet,5,3,
131,jet,6,2,
131,jet,7,1,
131,jet,8,0,
131,jet,9,1,
131,jet,10,2,
131,jet,11,1,
131,jet,12,2,
131,jet,13,1,
131,jet,14,3,
131,jet,15,1,
131,jet,16,3,
132,photon,0,1,0.0
132,photon,1,1,0.0
132,jet,0,9,
132,jet,1,4,
132,jet,2,1,
132,jet,3,4,
132,jet,4,4,
132,jet,5,4,
132,jet,6,1,
132,jet,7,1,
132,jet,8,3,
132,jet,9,3,
132,jet,10,4,
132,jet,11,0,
132,jet,12,2,
134,photon,0,0,0.0
134,jet,0,2,
134,jet,1,6,
134,jet,2,3,
134,jet,3,1,
135,photon,0,1,0.0
135,jet,0,5,
135,jet,1,3,
135,jet,2,4,
135,jet,3,5,
135,jet,4,0,
135,jet,5,3,
135,jet,6,2,
135,jet,7,2,
135,jet,8,1,
135,jet,9,4,
135,jet,10,1,
135,jet,11,1,
135,jet,12,0,
135,jet,13,0,
135,jet,14,2,
135,jet,15,1,
135,jet,16,1,
138,photon,0,2,0.0
138,jet,0,4,
138,jet,1,3,
138,jet,2,1,
138,jet,3,1,
138,jet,4,2,
138,jet,5,0,
138,jet,6,1,
138,jet,7,0,
138,jet,8,0,
138,jet,9,1,
138,jet,10,1,
138,jet,11,2,
138,jet,12,0,
138,jet,13,3,
138,jet,14,2,
139,photon,0,1,0.0
139,photon,1,1,0.0
139,jet,0,11,
139,jet,1,2,
139,jet,2,1,
139,jet,3,1,
140,jet,0,3,
140,jet,1,7,
140,jet,2,5,
140,jet,3,2,
140,jet,4,1,
140,jet,5,1,
141,photon,0,0,0.0
141,jet,0,12,
141,jet,1,6,
141,jet,2,4,
141,jet,3,4,
141,jet,4,1,
141,jet,5,1,
141,jet,6,1,
141,jet,7,0,
141,jet,8,2,
141,jet,9,0,
141,jet,10,4,
142,photon,0,1,0.0
142,jet,0,6,
142,jet,1,2,
142,jet,2,2,
142,jet,3,1,
142,jet,4,0,
142,jet,5,1,
142,jet,6,0,
142,jet,7,1,
142,jet,8,4,
142,jet,9,2,
142,jet,10,1,
142,jet,11,0,
142,jet,12,0,
142,jet,13,1,
143,jet,0,4,
143,jet,1,2,
143,jet,2,5,
143,jet,3,1,
143,jet,4,0,
144,photon,0,1,0.0
144,photon,1,2,0.0
144,jet,0,3,
144,jet,1,3,
144,jet,2,1,
145,photon,0,1,0.0
145,jet,0,6,
145,jet,1,4,
145,jet,2,4,
145,jet,3,2,
145,jet,4,1,
145,jet,5,0,
146,jet,0,14,
146,jet,1,2,
146,jet,2,5,
146,jet,3,2,
146,jet,4,6,
147,photon,0,2,0.0
147,jet,0,4,
147,jet,1,3,
147,jet,2,9,
147,jet,3,3,
147,jet,4,2,
147,jet,5,3,
147,jet,6,4,
147,jet,7,2,
147,jet,8,0,
147,jet,9,3,
147,jet,10,3,
147,jet,11,4,
147,jet,12,1,
147,jet,13,2,
147,jet,14,1,
147,jet,15,1,
147,jet,16,3,
147,jet,17,1,
147,jet,18,1,
147,jet,19,1,
147,jet,20,3,
148,photon,0,2,0.0
148,jet,0,5,
148,jet,1,2,
148,jet,2,3,
148,jet,3,2,
148,jet,4,1,
148,jet,5,3,
148,jet,6,0,
149,photon,0,0,0.0
149,jet,0,13,
149,jet,1,2,
149,jet,2,4,
149,jet,3,3,
149,jet,4,2,
150,photon,0,1,0.0
150,photon,1,0,0.0
150,jet,0,6,
150,jet,1,1,
150,jet,2,0,
150,jet,3,2,
151,photon,0,0,0.0
151,jet,0,7,
151,jet,1,6,
151,jet,2,4,
151,jet,3,1,
151,jet,4,4,
151,jet,5,0,
151,jet,6,3,
152,photon,0,1,0.0
152,photon,1,0,0.0
152,jet,0,8,
152,jet,1,7,
152,jet,2,1,
153,jet,0,2,
153,jet,1,7,
153,jet,2,0,
153,jet,3,6,
153,jet,4,3,
154,jet,0,1,
154,jet,1,3,
154,jet,2,2,
154,jet,3,0,
155,photon,0,0,0.0
155,jet,0,4,
155,jet,1,4,
155,jet,2,3,
155,jet,3,1,
155,jet,4,1,
155,jet,5,3,
156,jet,0,1,
156,jet,1,9,
156,jet,2,2,
156,jet,3,2,
156,jet,4,7,
156,jet,5,4,
156,jet,6,1,
156,jet,7,3,
156,jet,8,1,
156,jet,9,1,
157,photon,0,1,0.0
157,jet,0,3,
157,jet,1,2,
157,jet,2,9,
157,jet,3,2,
158,photon,0,1,0.0
158,photon,1,2,0.0
158,jet,0,4,
158,jet,1,4,
158,jet,2,3,
158,jet,3,0,
158,jet,4,0,
159,photon,0,2,0.0
159,jet,0,2,
159,jet,1,7,
159,jet,2,4,
160,photon,0,0,0.0
160,jet,0,7,
160,jet,1,8,
160,jet,2,2,
160,jet,3,5,
160,jet,4,3,
160,jet,5,1,
160,jet,6,1,
160,jet,7,1,
160,jet,8,0,
160,jet,9,0,
161,photon,0,2,0.0
161,jet,0,9,
161,jet,1,4,
161,jet,2,0,
162,photon,0,0,0.0
162,photon,1,1,0.0
162,jet,0,7,
162,jet,1,5,
163,photon,0,0,0.0
163,jet,0,4,
163,jet,1,3,
163,jet,2,1,
163,jet,3,1,
164,photon,0,0,0.0
164,jet,0,7,
164,jet,1,4,
164,jet,2,2,
164,jet,3,4,
164,jet,4,2,
164,jet,5,0,
164,jet,6,2,
164,jet,7,2,
164,jet,8,1,
164,jet,9,1,
164,jet,10,1,
164,jet,11,0,
166,photon,0,3,0.0
166,photon,1,1,0.0
167,photon,0,0,0.0
167,jet,0,0,
167,jet,1,4,
168,photon,0,2,0.0
168,photon,1,1,0.0
168,jet,0,10,
168,jet,1,1,
170,photon,0,0,0.0
170,jet,0,6,
170,jet,1,4,
170,jet,2,4,
170,jet,3,2,
170,jet,4,3,
170,jet,5,1,
170,jet,6,1,
170,jet,7,1,
170,jet,8,3,
170,jet,9,4,
170,jet,10,2,
170,jet,11,2,
170,jet,12,2,
170,jet,13,1,
170,jet,14,1,
170,jet,15,0,
170,jet,16,1,
170,jet,17,1,
171,jet,0,8,
171,jet,1,3,
171,jet,2,5,
171,jet,3,3,
171,jet,4,0,
172,photon,0,0,0.0
172,jet,0,10,
172,jet,1,5,
172,jet,2,0,
172,jet,3,2,
172,jet,4,0,
173,photon,0,1,0.0
173,photon,1,2,0.0
173,jet,0,9,
173,jet,1,8,
173,jet,2,2,
173,jet,3,2,
173,jet,4,1,
173,jet,5,3,
173,jet,6,1,
173,jet,7,0,
174,photon,0,2,0.0
174,jet,0,8,
174,jet,1,8,
174,jet,2,3,
174,jet,3,0,
174,jet,4,2,
174,jet,5,4,
174,jet,6,2,
174,jet,7,4,
175,photon,0,1,0.0
175,jet,0,6,
175,jet,1,2,
175,jet,2,4,
175,jet,3,2,
175,jet,4,3,
175,jet,5,2,
175,jet,6,0,
176,photon,0,2,0.0
176,photon,1,2,0.0
176,jet,0,4,
176,jet,1,3,
176,jet,2,1,
176,jet,3,2,
177,photon,0,1,0.0
177,jet,0,10,
177,jet,1,6,
177,jet,2,10,
177,jet,3,3,
177,jet,4,2,
177,jet,5,3,
178,photon,0,0,0.0
178,jet,0,11,
178,jet,1,4,
178,jet,2,6,
178,jet,3,1,
178,jet,4,2,
178,jet,5,5,
178,jet,6,1,
179,photon,0,0,0.0
179,jet,0,3,
179,jet,1,2,
179,jet,2,2,
179,jet,3,0,
179,jet,4,4,
179,jet,5,0,
179,jet,6,0,
180,jet,0,3,
180,jet,1,4,
180,jet,2,4,
180,jet,3,1,
181,photon,0,0,0.0
181,jet,0,5,
181,jet,1,7,
181,jet,2,2,
181,jet,3,0,
182,photon,0,2,0.0
182,photon,1,0,0.0
182,jet,0,7,
182,jet,1,1,
182,jet,2,0,
183,jet,0,4,
183,jet,1,5,
183,jet,2,3,
183,jet,3,3,
183,jet,4,3,
183,jet,5,3,
183,jet,6,0,
184,photon,0,2,0.0
184,photon,1,0,0.0
184,jet,0,8,
184,jet,1,7,
184,jet,2,3,
184,jet,3,1,
184,jet,4,3,
185,jet,0,3,
185,jet,1,3,
185,jet,2,4,
185,jet,3,4,
185,jet,4,4,
185,jet,5,3,
185,jet,6,1,
186,photon,0,1,0.0
186,jet,0,11,
186,jet,1,1,
186,jet,2,0,
186,jet,3,3,
187,photon,0,1,0.0
187,jet,0,1,
187,jet,1,2,
187,jet,2,2,
187,jet,3,2,
187,jet,4,3,
187,jet,5,0,
187,jet,6,0,
187,jet,7,1,
187,jet,8,1,
187,jet,9,0,
188,jet,0,3,
188,jet,1,3,
188,jet,2,2,
188,jet,3,0,
188,jet,4,2,
188,jet,5,1,
188,jet,6,2,
188,jet,7,1,
188,jet,8,2,
188,jet,9,1,
188,jet,10,1,
189,photon,0,0,0.0
189,photon,1,1,0.0
189,jet,0,1,
189,jet,1,4,
189,jet,2,4,
189,jet,3,1,
189,jet,4,1,
189,jet,5,1,
189,jet,6,0,
191,photon,0,1,0.0
191,jet,0,9,
191,jet,1,2,
191,jet,2,0,
192,photon,0,0,0.0
192,jet,0,9,
192,jet,1,3,
192,jet,2,5,
192,jet,3,7,
192,jet,4,2,
192,jet,5,3,
192,jet,6,5,
192,jet,7,3,
192,jet,8,2,
193,photon,0,2,0.0
193,jet,0,6,
193,jet,1,2,
193,jet,2,2,
193,jet,3,0,
193,jet,4,0,
194,photon,0,1,0.0
194,jet,0,3,
194,jet,1,9,
194,jet,2,1,
194,jet,3,3,
195,photon,0,2,0.0
195,photon,1,2,0.0
195,jet,0,5,
195,jet,1,2,
195,jet,2,0,
196,photon,0,1,0.0
196,jet,0,6,
196,jet,1,7,
196,jet,2,2,
196,jet,3,2,
196,jet,4,2,
196,jet,5,0,
196,jet,6,1,
196,jet,7,2,
196,jet,8,1,
196,jet,9,4,
196,jet,10,0,
197,photon,0,1,0.0
197,jet,0,6,
197,jet,1,0,
197,jet,2,2,
197,jet,3,2,
197,jet,4,1,
199,jet,0,1,
199,jet,1,3,
199,jet,2,2,
199,jet,3,0,
199,jet,4,6,
200,photon,0,5,0.0
200,jet,0,9,
200,jet,1,8,
200,jet,2,2,
200,jet,3,6,
200,jet,4,0,
201,jet,0,2,
201,jet,1,7,
201,jet,2,5,
201,jet,3,3,
202,photon,0,0,0.0
202,jet,0,2,
202,jet,1,3,
202,jet,2,1,
202,jet,3,3,
202,jet,4,3,
202,jet,5,1,
202,jet,6,1,
204,photon,0,1,0.0
204,jet,0,8,
204,jet,1,1,
204,jet,2,3,
205,photon,0,0,0.0
205,photon,1,2,0.0
205,jet,0,12,
205,jet,1,5,
205,jet,2,2,
206,photon,0,1,0.0
206,jet,0,8,
206,jet,1,3,
206,jet,2,3,
207,photon,0,0,0.0
207,jet,0,4,
207,jet,1,2,
207,jet,2,6,
207,jet,3,2,
207,jet,4,0,
207,jet,5,0,
207,jet,6,2,
207,jet,7,1,
207,jet,8,2,
207,jet,9,2,
208,photon,0,1,0.0
208,jet,0,7,
208,jet,1,2,
208,jet,2,5,
208,jet,3,2,
208,jet,4,0,
208,jet,5,2,
208,jet,6,2,
208,jet,7,6,
208,jet,8,3,
208,jet,9,2,
208,jet,10,2,
208,jet,11,0,
208,jet,12,0,
209,photon,0,0,0.0
209,jet,0,11,
209,jet,1,3,
209,jet,2,3,
209,jet,3,2,
209,jet,4,0,
209,jet,5,0,
209,jet,6,1,
209,jet,7,0,
209,jet,8,1,
209,jet,9,2,
209,jet,10,1,
209,jet,11,0,
209,jet,12,0,
209,jet,13,0,
210,jet,0,4,
210,jet,1,1,
210,jet,2,1,
210,jet,3,1,
210,jet,4,1,
210,jet,5,3,
210,jet,6,0,
210,jet,7,0,
211,photon,0,0,0.0
211,jet,0,0,
211,jet,1,6,
211,jet,2,2,
211,jet,3,4,
211,jet,4,2,
211,jet,5,2,
211,jet,6,0,
212,photon,0,0,0.0
212,jet,0,5,
212,jet,1,2,
212,jet,2,3,
212,jet,3,4,
212,jet,4,2,
212,jet,5,1,
212,jet,6,2,
212,jet,7,0,
212,jet,8,4,
212,jet,9,0,
213,photon,0,3,0.0
213,photon,1,2,0.0
213,jet,0,8,
213,jet,1,6,
213,jet,2,3,
213,jet,3,3,
214,jet,0,3,
214,jet,1,3,
214,jet,2,1,
214,jet,3,0,
215,jet,0,0,
215,jet,1,4,
215,jet,2,3,
215,jet,3,5,
215,jet,4,0,
215,jet,5,2,
215,jet,6,4,
215,jet,7,6,
215,jet,8,3,
215,jet,9,1,
215,jet,10,4,
215,jet,11,2,
215,jet,12,4,
215,jet,13,3,
215,jet,14,1,
215,jet,15,6,
215,jet,16,3,
215,jet,17,0,
215,jet,18,2,
215,jet,19,2,
215,jet,20,1,
215,jet,21,2,
215,jet,22,1,
215,jet,23,2,
215,jet,24,5,
215,jet,25,1,
215,jet,26,3,
215,jet,27,3,
215,jet,28,1,
215,jet,29,1,
215,jet,30,3,
215,jet,31,0,
215,jet,32,5,
215,jet,33,1,
215,jet,34,0,
216,photon,0,1,0.0
216,jet,0,11,
216,jet,1,8,
216,jet,2,6,
216,jet,3,1,
216,jet,4,2,
216,jet,5,1,
216,jet,6,0,
216,jet,7,0,
216,jet,8,0,
216,jet,9,0,
216,jet,10,1,
216,jet,11,1,
216,jet,12,0,
216,jet,13,0,
216,jet,14,1,
216,jet,15,0,
216,jet,16,0,
216,jet,17,1,
216,jet,18,0,
217,photon,0,0,0.0
217,jet,0,2,
217,jet,1,9,
218,photon,0,0,0.0
218,photon,1,3,0.0
218,jet,0,6,
218,jet,1,2,
219,photon,0,3,0.0
219,jet,0,11,
219,jet,1,2,
219,jet,2,11,
219,jet,3,0,
219,jet,4,2,
220,photon,0,2,0.0
220,photon,1,2,0.0
220,jet,0,5,
220,jet,1,3,
220,jet,2,1,
220,jet,3,2,
220,jet,4,3,
220,jet,5,1,
220,jet,6,1,
221,photon,0,1,0.0
221,jet,0,9,
221,jet,1,6,
221,jet,2,0,
221,jet,3,1,
221,jet,4,3,
221,jet,5,1,
222,photon,0,1,0.0
222,photon,1,2,0.0
222,jet,0,7,
222,jet,1,5,
222,jet,2,7,
222,jet,3,1,
223,photon,0,1,0.0
223,jet,0,2,
223,jet,1,2,
223,jet,2,1,
223,jet,3,3,
223,jet,4,3,
223,jet,5,4,
223,jet,6,0,
223,jet,7,2,
224,photon,0,1,0.0
224,photon,1,2,0.0
224,jet,0,2,
224,jet,1,4,
224,jet,2,1,
224,jet,3,3,
224,jet,4,3,
224,jet,5,3,
224,jet,6,1,
224,jet,7,2,
224,jet,8,0,
224,jet,9,2,
224,jet,10,1,
224,jet,11,1,
224,jet,12,2,
224,jet,13,1,
224,jet,14,0,
224,jet,15,3,
224,jet,16,1,
224,jet,17,5,
224,jet,18,1,
224,jet,19,4,
224,jet,20,0,
224,jet,21,1,
224,jet,22,0,
224,jet,23,5,
225,photon,0,0,0.0
225,photon,1,2,0.0
225,jet,0,5,
225,jet,1,0,
225,jet,2,0,
225,jet,3,0,
225,jet,4,1,
225,jet,5,1,
225,jet,6,1,
225,jet,7,2,
226,photon,0,1,0.0
226,jet,0,5,
226,jet,1,12,
226,jet,2,1,
226,jet,3,0,
227,photon,0,1,0.0
227,jet,0,0,
227,jet,1,2,
227,jet,2,2,
227,jet,3,0,
227,jet,4,4,
228,photon,0,0,0.0
228,photon,1,1,0.0
228,jet,0,8,
228,jet,1,3,
228,jet,2,5,
228,jet,3,3,
228,jet,4,1,
229,photon,0,1,0.0
229,jet,0,5,
229,jet,1,2,
229,jet,2,2,
229,jet,3,6,
230,photon,0,3,0.0
230,photon,1,2,0.0
230,jet,0,10,
230,jet,1,4,
230,jet,2,4,
230,jet,3,1,
230,jet,4,4,
230,jet,5,1,
230,jet,6,0,
230,jet,7,2,
230,jet,8,1,
230,jet,9,2,
232,photon,0,0,0.0
232,jet,0,2,
232,jet,1,10,
232,jet,2,2,
232,jet,3,5,
232,jet,4,1,
232,jet,5,2,
233,photon,0,0,0.0
233,jet,0,3,
233,jet,1,3,
233,jet,2,3,
234,photon,0,1,0.0
234,jet,0,2,
234,jet,1,4,
234,jet,2,2,
234,jet,3,2,
234,jet,4,0,
234,jet,5,1,
234,jet,6,0,
234,jet,7,0,
234,jet,8,0,
235,photon,0,0,0.0
235,jet,0,7,
235,jet,1,5,
235,jet,2,3,
235,jet,3,1,
235,jet,4,1,
235,jet,5,3,
235,jet,6,4,
235,jet,7,4,
235,jet,8,2,
235,jet,9,1,
235,jet,10,1,
235,jet,11,2,
235,jet,12,2,
235,jet,13,2,
235,jet,14,2,
236,photon,0,0,0.0
236,jet,0,9,
236,jet,1,0,
237,photon,0,0,0.0
237,photon,1,1,0.0
237,jet,0,9,
237,jet,1,1,
239,jet,0,3,
239,jet,1,2,
239,jet,2,4,
239,jet,3,1,
239,jet,4,1,
239,jet,5,1,
239,jet,6,1,
239,jet,7,1,
239,jet,8,0,
239,jet,9,0,
239,jet,10,1,
240,jet,0,2,
240,jet,1,8,
240,jet,2,4,
240,jet,3,6,
240,jet,4,2,
241,photon,0,1,0.0
241,jet,0,5,
241,jet,1,1,
241,jet,2,3,
242,jet,0,3,
242,jet,1,4,
242,jet,2,3,
242,jet,3,4,
242,jet,4,0,
242,jet,5,3,
242,jet,6,0,
242,jet,7,1,
242,jet,8,2,
243,photon,0,1,0.0
243,photon,1,1,0.0
243,jet,0,4,
243,jet,1,1,
243,jet,2,2,
243,jet,3,4,
243,jet,4,2,
244,photon,0,1,0.0
244,photon,1,1,0.0
244,jet,0,4,
244,jet,1,1,
244,jet,2,1,
245,photon,0,1,0.0
245,jet,0,7,
245,jet,1,2,
245,jet,2,3,
245,jet,3,1,
245,jet,4,2,
245,jet,5,1,
245,jet,6,0,
246,jet,0,5,
246,jet,1,3,
246,jet,2,5,
249,jet,0,4,
249,jet,1,4,
249,jet,2,1,
249,jet,3,1,
250,jet,0,2,
250,jet,1,4,
250,jet,2,0,
251,jet,0,3,
251,jet,1,3,
251,jet,2,4,
251,jet,3,8,
251,jet,4,4,
251,jet,5,1,
251,jet,6,3,
251,jet,7,2,
252,photon,0,3,0.0
252,photon,1,0,0.0
252,jet,0,5,
252,jet,1,1,
252,jet,2,4,
252,jet,3,2,
252,jet,4,1,
252,jet,5,1,
252,jet,6,3,
252,jet,7,3,
252,jet,8,1,
252,jet,9,1,
252,jet,10,0,
252,jet,11,3,
253,photon,0,0,0.0
253,jet,0,8,
253,jet,1,5,
253,jet,2,2,
254,photon,0,0,0.0
254,photon,1,1,0.0
254,jet,0,6,
254,jet,1,1,
254,jet,2,1,
254,jet,3,0,
255,photon,0,1,0.0
255,jet,0,1,
255,jet,1,6,
255,jet,2,4,
255,jet,3,1,
255,jet,4,1,
255,jet,5,1,
255,jet,6,0,
255,jet,7,1,
256,photon,0,1,0.0
256,jet,0,3,
256,jet,1,7,
256,jet,2,9,
256,jet,3,0,
256,jet,4,0,
256,jet,5,0,
256,jet,6,2,
256,jet,7,1,
256,jet,8,1,
256,jet,9,1,
257,jet,0,3,
257,jet,1,4,
257,jet,2,1,
257,jet,3,2,
257,jet,4,2,
257,jet,5,0,
257,jet,6,2,
257,jet,7,1,
257,jet,8,0,
257,jet,9,0,
257,jet,10,4,
257,jet,11,1,
257,jet,12,1,
257,jet,13,2,
257,jet,14,1,
257,jet,15,0,
257,jet,16,2,
258,jet,0,2,
258,jet,1,8,
258,jet,2,1,
259,photon,0,2,0.0
259,jet,0,12,
259,jet,1,0,
259,jet,2,6,
259,jet,3,1,
259,jet,4,1,
259,jet,5,1,
259,jet,6,3,
259,jet,7,2,
260,photon,0,1,0.0
260,jet,0,4,
260,jet,1,1,
260,jet,2,3,
261,photon,0,0,0.0
261,jet,0,8,
261,jet,1,0,
261,jet,2,1,
261,jet,3,1,
261,jet,4,0,
262,photon,0,1,0.0
262,photon,1,0,0.0
262,jet,0,8,
262,jet,1,8,
262,jet,2,3,
262,jet,3,3,
262,jet,4,1,
262,jet,5,1,
262,jet,6,1,
262,jet,7,1,
262,jet,8,2,
262,jet,9,3,
262,jet,10,1,
262,jet,11,1,
262,jet,12,1,
263,photon,0,2,0.0
263,jet,0,0,
263,jet,1,1,
264,jet,0,3,
264,jet,1,5,
264,jet,2,4,
264,jet,3,4,
265,photon,0,3,0.0
265,photon,1,1,0.0
265,jet,0,2,
265,jet,1,3,
265,jet,2,3,
265,jet,3,0,
265,jet,4,0,
265,jet,5,1,
265,jet,6,3,
267,jet,0,7,
267,jet,1,2,
267,jet,2,2,
267,jet,3,3,
267,jet,4,2,
267,jet,5,3,
267,jet,6,4,
267,jet,7,3,
267,jet,8,5,
267,jet,9,2,
267,jet,10,1,
267,jet,11,0,
267,jet,12,0,
267,jet,13,2,
267,jet,14,1,
268,photon,0,1,0.0
268,jet,0,7,
268,jet,1,4,
268,jet,2,2,
268,jet,3,5,
268,jet,4,4,
268,jet,5,0,
268,jet,6,2,
268,jet,7,5,
269,photon,0,2,0.0
269,jet,0,7,
269,jet,1,0,
270,photon,0,2,0.0
270,jet,0,9,
270,jet,1,3,
270,jet,2,1,
270,jet,3,1,
270,jet,4,1,
270,jet,5,1,
270,jet,6,1,
270,jet,7,0,
270,jet,8,1,
270,jet,9,1,
270,jet,10,1,
271,photon,0,1,0.0
271,jet,0,8,
271,jet,1,2,
271,jet,2,2,
271,jet,3,4,
272,photon,0,2,0.0
272,jet,0,3,
272,jet,1,5,
272,jet,2,4,
272,jet,3,1,
273,photon,0,2,0.0
273,photon,1,0,0.0
273,jet,0,8,
273,jet,1,5,
273,jet,2,0,
274,photon,0,2,0.0
274,photon,1,1,0.0
274,jet,0,7,
274,jet,1,3,
274,jet,2,0,
274,jet,3,1,
274,jet,4,1,
274,jet,5,1,
274,jet,6,1,
275,jet,0,3,
275,jet,1,2,
275,jet,2,1,
275,jet,3,0,
275,jet,4,2,
275,jet,5,1,
276,photon,0,0,0.0
276,jet,0,7,
276,jet,1,4,
276,jet,2,3,
276,jet,3,5,
276,jet,4,2,
276,jet,5,1,
276,jet,6,0,
277,photon,0,1,0.0
277,jet,0,7,
277,jet,1,5,
277,jet,2,9,
277,jet,3,7,
277,jet,4,2,
277,jet,5,2,
277,jet,6,2,
278,photon,0,1,0.0
278,jet,0,3,
278,jet,1,1,
278,jet,2,2,
278,jet,3,1,
278,jet,4,2,
278,jet,5,2,
278,jet,6,2,
278,jet,7,0,
278,jet,8,0,
279,photon,0,0,0.0
279,jet,0,3,
279,jet,1,2,
279,jet,2,0,
279,jet,3,0,
279,jet,4,2,
279,jet,5,2,
281,jet,0,4,
281,jet,1,5,
281,jet,2,2,
281,jet,3,1,
281,jet,4,5,
281,jet,5,0,
281,jet,6,3,
281,jet,7,2,
281,jet,8,1,
281,jet,9,0,
282,photon,0,0,0.0
282,jet,0,10,
282,jet,1,2,
282,jet,2,6,
283,photon,0,1,0.0
283,jet,0,3,
283,jet,1,8,
283,jet,2,0,
283,jet,3,3,
284,photon,0,2,0.0
284,jet,0,5,
284,jet,1,5,
284,jet,2,3,
284,jet,3,0,
284,jet,4,1,
284,jet,5,1,
284,jet,6,0,
284,jet,7,0,
284,jet,8,1,
284,jet,9,1,
284,jet,10,1,
285,photon,0,0,0.0
285,photon,1,0,0.0
285,jet,0,0,
285,jet,1,2,
285,jet,2,4,
286,photon,0,2,0.0
286,photon,1,0,0.0
286,jet,0,4,
286,jet,1,2,
286,jet,2,0,
286,jet,3,3,
287,photon,0,4,0.0
287,photon,1,0,0.0
287,jet,0,5,
287,jet,1,7,
287,jet,2,3,
287,jet,3,1,
287,jet,4,0,
287,jet,5,3,
287,jet,6,4,
287,jet,7,1,
287,jet,8,0,
288,photon,0,2,0.0
288,photon,1,0,0.0
288,jet,0,4,
288,jet,1,3,
288,jet,2,2,
288,jet,3,1,
288,jet,4,1,
289,photon,0,0,0.0
289,photon,1,2,0.0
289,jet,0,3,
289,jet,1,3,
289,jet,2,3,
289,jet,3,1,
290,photon,0,1,0.0
290,photon,1,1,0.0
290,jet,0,7,
290,jet,1,4,
290,jet,2,3,
290,jet,3,1,
290,jet,4,0,
290,jet,5,0,
291,photon,0,0,0.0
291,jet,0,10,
291,jet,1,1,
291,jet,2,4,
291,jet,3,4,
291,jet,4,0,
292,jet,0,3,
292,jet,1,5,
292,jet,2,4,
292,jet,3,4,
292,jet,4,7,
293,photon,0,2,0.0
293,jet,0,6,
293,jet,1,5,
293,jet,2,3,
293,jet,3,2,
293,jet,4,3,
293,jet,5,1,
293,jet,6,0,
293,jet,7,2,
293,jet,8,2,
294,photon,0,0,0.0
294,jet,0,6,
294,jet,1,3,
294,jet,2,1,
294,jet,3,1,
294,jet,4,2,
295,photon,0,1,0.0
295,photon,1,0,0.0
295,jet,0,3,
295,jet,1,1,
295,jet,2,4,
295,jet,3,3,
299,photon,0,0,0.0
299,jet,0,1,
299,jet,1,3,
299,jet,2,1,
299,jet,3,1,
300,photon,0,0,0.0
300,photon,1,1,0.0
300,jet,0,8,
300,jet,1,3,
300,jet,2,4,
300,jet,3,1,
301,jet,0,2,
301,jet,1,6,
301,jet,2,5,
301,jet,3,3,
301,jet,4,2,
301,jet,5,3,
303,photon,0,0,0.0
303,jet,0,1,
303,jet,1,1,
303,jet,2,6,
303,jet,3,2,
304,jet,0,1,
304,jet,1,6,
304,jet,2,3,
304,jet,3,2,
304,jet,4,2,
304,jet,5,1,
304,jet,6,2,
304,jet,7,2,
305,photon,0,1,0.0
305,jet,0,5,
305,jet,1,4,
306,photon,0,0,0.0
306,jet,0,1,
306,jet,1,9,
306,jet,2,7,
306,jet,3,0,
306,jet,4,1,
306,jet,5,0,
306,jet,6,0,
306,jet,7,3,
307,photon,0,3,0.0
307,jet,0,10,
307,jet,1,5,
307,jet,2,2,
307,jet,3,5,
307,jet,4,7,
308,photon,0,0,0.0
308,jet,0,1,
308,jet,1,1,
308,jet,2,0,
308,jet,3,1,
308,jet,4,5,
308,jet,5,1,
309,photon,0,2,0.0
309,jet,0,3,
309,jet,1,3,
309,jet,2,4,
309,jet,3,3,
309,jet,4,1,
309,jet,5,2,
310,photon,0,2,0.0
310,photon,1,1,0.0
310,jet,0,6,
310,jet,1,2,
310,jet,2,5,
310,jet,3,2,
310,jet,4,3,
310,jet,5,1,
310,jet,6,3,
310,jet,7,2,
312,photon,0,2,0.0
312,photon,1,1,0.0
312,jet,0,6,
312,jet,1,0,
312,jet,2,3,
312,jet,3,0,
313,jet,0,10,
313,jet,1,1,
313,jet,2,6,
313,jet,3,4,
313,jet,4,2,
313,jet,5,2,
313,jet,6,2,
313,jet,7,2,
314,photon,0,1,0.0
314,jet,0,2,
314,jet,1,6,
314,jet,2,2,
314,jet,3,4,
315,photon,0,2,0.0
315,jet,0,5,
315,jet,1,2,
315,jet,2,0,
316,photon,0,0,0.0
316,photon,1,0,0.0
316,jet,0,8,
316,jet,1,4,
316,jet,2,4,
316,jet,3,2,
316,jet,4,1,
317,jet,0,8,
317,jet,1,3,
317,jet,2,3,
317,jet,3,2,
317,jet,4,3,
317,jet,5,1,
318,photon,0,1,0.0
318,jet,0,0,
318,jet,1,2,
318,jet,2,5,
318,jet,3,4,
318,jet,4,2,
318,jet,5,0,
319,photon,0,1,0.0
319,photon,1,1,0.0
319,jet,0,7,
319,jet,1,5,
319,jet,2,6,
319,jet,3,2,
319,jet,4,1,
319,jet,5,0,
320,jet,0,4,
320,jet,1,5,
320,jet,2,3,
320,jet,3,1,
320,jet,4,1,
320,jet,5,2,
320,jet,6,0,
321,photon,0,0,0.0
321,jet,0,5,
321,jet,1,4,
321,jet,2,1,
321,jet,3,1,
321,jet,4,2,
321,jet,5,4,
323,photon,0,0,0.0
323,jet,0,3,
323,jet,1,9,
323,jet,2,4,
323,jet,3,2,
323,jet,4,2,
323,jet,5,2,
323,jet,6,1,
323,jet,7,1,
323,jet,8,1,
323,jet,9,1,
323,jet,10,1,
323,jet,11,1,
323,jet,12,0,
323,jet,13,0,
323,jet,14,2,
323,jet,15,1,
323,jet,16,0,
323,jet,17,2,
323,jet,18,5,
323,jet,19,1,
323,jet,20,2,
323,jet,21,2,
323,jet,22,1,
323,jet,23,2,
323,jet,24,1,
324,photon,0,0,0.0
324,photon,1,0,0.0
324,jet,0,9,
324,jet,1,5,
324,jet,2,0,
324,jet,3,6,
324,jet,4,1,
324,jet,5,3,
325,photon,0,1,0.0
325,photon,1,1,0.0
325,photon,2,2,0.0
325,jet,0,4,
325,jet,1,0,
325,jet,2,1,
325,jet,3,3,
325,jet,4,1,
325,jet,5,3,
325,jet,6,2,
325,jet,7,0,
325,jet,8,1,
326,jet,0,3,
326,jet,1,3,
326,jet,2,0,
326,jet,3,0,
326,jet,4,2,
326,jet,5,1,
327,photon,0,1,0.0
327,photon,1,1,0.0
327,jet,0,6,
327,jet,1,3,
327,jet,2,3,
327,jet,3,0,
328,photon,0,0,0.0
328,jet,0,7,
328,jet,1,4,
328,jet,2,5,
328,jet,3,2,
328,jet,4,0,
329,photon,0,0,0.0
329,jet,0,14,
329,jet,1,5,
329,jet,2,0,
329,jet,3,0,
329,jet,4,1,
329,jet,5,2,
330,jet,0,5,
330,jet,1,3,
330,jet,2,4,
330,jet,3,1,
330,jet,4,0,
330,jet,5,0,
330,jet,6,1,
330,jet,7,0,
330,jet,8,2,
330,jet,9,0,
330,jet,10,1,
330,jet,11,1,
330,jet,12,0,
330,jet,13,0,
330,jet,14,1,
330,jet,15,2,
330,jet,16,3,
330,jet,17,0,
331,jet,0,4,
331,jet,1,4,
331,jet,2,3,
331,jet,3,4,
331,jet,4,3,
331,jet,5,4,
331,jet,6,1,
332,jet,0,2,
332,jet,1,4,
332,jet,2,2,
332,jet,3,2,
332,jet,4,1,
332,jet,5,2,
332,jet,6,0,
332,jet,7,3,
332,jet,8,1,
333,photon,0,3,0.0
333,photon,1,1,0.0
333,jet,0,4,
333,jet,1,2,
334,photon,0,1,0.0
334,photon,1,2,0.0
334,jet,0,7,
334,jet,1,4,
334,jet,2,3,
334,jet,3,2,
335,photon,0,1,0.0
335,jet,0,6,
335,jet,1,3,
335,jet,2,2,
335,jet,3,2,
336,photon,0,0,0.0
336,photon,1,1,0.0
336,jet,0,7,
336,jet,1,5,
336,jet,2,0,
336,jet,3,0,
336,jet,4,0,
336,jet,5,0,
336,jet,6,3,
336,jet,7,1,
337,photon,0,1,0.0
337,jet,0,7,
337,jet,1,5,
337,jet,2,3,
337,jet,3,2,
338,photon,0,2,0.0
338,photon,1,3,0.0
338,jet,0,4,
338,jet,1,4,
338,jet,2,3,
339,photon,0,3,0.0
339,jet,0,4,
339,jet,1,7,
339,jet,2,6,
339,jet,3,2,
339,jet,4,0,
339,jet,5,1,
339,jet,6,2,
340,photon,0,3,0.0
340,jet,0,0,
340,jet,1,6,
340,jet,2,4,
340,jet,3,6,
340,jet,4,5,
340,jet,5,2,
340,jet,6,1,
340,jet,7,3,
340,jet,8,0,
340,jet,9,2,
340,jet,10,0,
340,jet,11,1,
341,photon,0,0,0.0
341,photon,1,2,0.0
341,jet,0,6,
341,jet,1,2,
341,jet,2,3,
341,jet,3,1,
341,jet,4,0,
342,photon,0,0,0.0
342,photon,1,0,0.0
342,jet,0,11,
342,jet,1,8,
342,jet,2,8,
342,jet,3,4,
342,jet,4,4,
342,jet,5,2,
342,jet,6,2,
342,jet,7,1,
342,jet,8,0,
342,jet,9,3,
343,photon,0,0,0.0
343,jet,0,3,
343,jet,1,5,
343,jet,2,2,
343,jet,3,2,
344,photon,0,1,0.0
344,jet,0,8,
344,jet,1,2,
344,jet,2,5,
344,jet,3,2,
344,jet,4,3,
344,jet,5,1,
344,jet,6,2,
344,jet,7,2,
344,jet,8,0,
344,jet,9,3,
344,jet,10,1,
344,jet,11,0,
344,jet,12,2,
345,photon,0,0,0.0
345,photon,1,2,0.0
345,jet,0,5,
345,jet,1,1,
345,jet,2,2,
345,jet,3,2,
345,jet,4,0,
347,photon,0,0,0.0
347,jet,0,6,
347,jet,1,2,
347,jet,2,0,
347,jet,3,1,
347,jet,4,1,
347,jet,5,0,
349,photon,0,0,0.0
349,jet,0,8,
349,jet,1,6,
349,jet,2,0,
349,jet,3,2,
349,jet,4,1,
349,jet,5,1,
349,jet,6,2,
349,jet,7,0,
349,jet,8,0,
350,photon,0,4,0.0
350,photon,1,1,0.0
350,jet,0,6,
350,jet,1,3,
350,jet,2,0,
350,jet,3,3,
350,jet,4,0,
350,jet,5,3,
350,jet,6,1,
350,jet,7,0,
351,photon,0,2,0.0
351,jet,0,4,
351,jet,1,7,
351,jet,2,5,
351,jet,3,2,
351,jet,4,2,
351,jet,5,1,
351,jet,6,1,
351,jet,7,2,
351,jet,8,2,
351,jet,9,2,
351,jet,10,1,
351,jet,11,1,
351,jet,12,0,
351,jet,13,1,
351,jet,14,1,
351,jet,15,1,
351,jet,16,1,
351,jet,17,3,
351,jet,18,1,
352,photon,0,0,0.0
352,photon,1,1,0.0
352,jet,0,5,
352,jet,1,0,
352,jet,2,2,
352,jet,3,3,
352,jet,4,1,
352,jet,5,3,
352,jet,6,1,
352,jet,7,2,
352,jet,8,3,
352,jet,9,2,
354,photon,0,1,0.0
354,jet,0,5,
354,jet,1,4,
354,jet,2,8,
354,jet,3,2,
354,jet,4,1,
354,jet,5,0,
354,jet,6,3,
354,jet,7,2,
354,jet,8,1,
354,jet,9,0,
355,photon,0,1,0.0
355,photon,1,1,0.0
355,jet,0,5,
355,jet,1,0,
355,jet,2,1,
355,jet,3,0,
355,jet,4,0,
356,photon,0,0,0.0
356,photon,1,2,0.0
356,jet,0,6,
356,jet,1,7,
356,jet,2,2,
356,jet,3,4,
357,photon,0,0,0.0
357,jet,0,11,
357,jet,1,2,
357,jet,2,2,
357,jet,3,1,
357,jet,4,0,
357,jet,5,0,
357,jet,6,2,
359,photon,0,1,0.0
359,jet,0,3,
359,jet,1,5,
359,jet,2,5,
361,photon,0,1,0.0
361,jet,0,6,
361,jet,1,0,
361,jet,2,2,
362,photon,0,2,0.0
362,jet,0,3,
362,jet,1,8,
362,jet,2,5,
362,jet,3,0,
362,jet,4,2,
362,jet,5,1,
363,jet,0,2,
363,jet,1,7,
363,jet,2,0,
363,jet,3,0,
363,jet,4,1,
363,jet,5,1,
363,jet,6,0,
363,jet,7,0,
363,jet,8,0,
363,jet,9,2,
364,photon,0,0,0.0
364,jet,0,8,
364,jet,1,2,
364,jet,2,1,
365,photon,0,1,0.0
365,jet,0,2,
365,jet,1,7,
365,jet,2,3,
365,jet,3,1,
366,photon,0,0,0.0
366,photon,1,0,0.0
366,jet,0,4,
366,jet,1,3,
367,jet,0,7,
367,jet,1,3,
367,jet,2,2,
367,jet,3,4,
367,jet,4,0,
367,jet,5,0,
367,jet,6,1,
367,jet,7,1,
368,photon,0,1,0.0
368,jet,0,3,
368,jet,1,4,
368,jet,2,2,
369,photon,0,3,0.0
369,jet,0,0,
369,jet,1,5,
369,jet,2,3,
369,jet,3,3,
369,jet,4,1,
369,jet,5,2,
369,jet,6,1,
369,jet,7,2,
369,jet,8,4,
369,jet,9,1,
369,jet,10,1,
369,jet,11,0,
370,photon,0,1,0.0
370,jet,0,2,
370,jet,1,5,
370,jet,2,7,
370,jet,3,1,
370,jet,4,1,
371,photon,0,0,0.0
371,jet,0,0,
371,jet,1,3,
371,jet,2,2,
371,jet,3,1,
371,jet,4,1,
371,jet,5,0,
371,jet,6,0,
372,photon,0,0,0.0
372,jet,0,11,
372,jet,1,5,
372,jet,2,1,
372,jet,3,5,
372,jet,4,0,
372,jet,5,1,
372,jet,6,1,
372,jet,7,1,
372,jet,8,2,
373,photon,0,0,0.0
373,photon,1,0,0.0
373,jet,0,5,
373,jet,1,5,
373,jet,2,3,
373,jet,3,3,
375,photon,0,0,0.0
375,jet,0,4,
375,jet,1,0,
375,jet,2,0,
375,jet,3,3,
376,photon,0,1,0.0
376,photon,1,1,0.0
376,jet,0,9,
376,jet,1,5,
376,jet,2,3,
376,jet,3,1,
378,photon,0,2,0.0
378,jet,0,2,
378,jet,1,13,
378,jet,2,6,
378,jet,3,2,
378,jet,4,1,
378,jet,5,3,
378,jet,6,1,
378,jet,7,0,
378,jet,8,2,
378,jet,9,1,
378,jet,10,2,
378,jet,11,0,
378,jet,12,1,
378,jet,13,2,
378,jet,14,0,
378,jet,15,3,
378,jet,16,1,
378,jet,17,3,
378,jet,18,0,
378,jet,19,1,
378,jet,20,2,
378,jet,21,0,
378,jet,22,2,
378,jet,23,0,
378,jet,24,3,
378,jet,25,2,
380,photon,0,1,0.0
380,photon,1,0,0.0
380,jet,0,5,
380,jet,1,5,
380,jet,2,1,
380,jet,3,1,
380,jet,4,4,
380,jet,5,3,
380,jet,6,0,
380,jet,7,2,
380,jet,8,0,
381,photon,0,2,0.0
381,photon,1,2,0.0
381,jet,0,7,
381,jet,1,4,
381,jet,2,2,
382,photon,0,1,0.0
382,jet,0,9,
382,jet,1,5,
382,jet,2,3,
382,jet,3,1,
382,jet,4,2,
383,jet,0,5,
383,jet,1,3,
383,jet,2,4,
383,jet,3,5,
383,jet,4,1,
383,jet,5,3,
384,jet,0,6,
384,jet,1,2,
384,jet,2,2,
384,jet,3,1,
384,jet,4,3,
385,photon,0,2,0.0
385,jet,0,9,
385,jet,1,6,
385,jet,2,3,
385,jet,3,1,
385,jet,4,2,
385,jet,5,0,
385,jet,6,1,
386,photon,0,1,0.0
386,jet,0,1,
386,jet,1,3,
386,jet,2,4,
386,jet,3,2,
387,photon,0,1,0.0
387,photon,1,1,0.0
387,jet,0,4,
387,jet,1,4,
387,jet,2,0,
389,photon,0,0,0.0
389,jet,0,8,
389,jet,1,1,
389,jet,2,2,
389,jet,3,2,
389,jet,4,1,
390,jet,0,6,
390,jet,1,6,
390,jet,2,3,
390,jet,3,4,
391,photon,0,0,0.0
391,jet,0,6,
391,jet,1,0,
391,jet,2,0,
391,jet,3,0,
391,jet,4,5,
392,photon,0,1,0.0
392,jet,0,5,
392,jet,1,1,
392,jet,2,1,
392,jet,3,0,
392,jet,4,0,
392,jet,5,1,
393,photon,0,0,0.0
393,jet,0,2,
393,jet,1,1,
393,jet,2,2,
394,photon,0,0,0.0
394,jet,0,3,
394,jet,1,0,
394,jet,2,2,
395,photon,0,4,0.0
395,jet,0,2,
395,jet,1,12,
395,jet,2,6,
395,jet,3,2,
396,photon,0,0,0.0
396,jet,0,5,
396,jet,1,2,
396,jet,2,5,
396,jet,3,1,
396,jet,4,2,
396,jet,5,0,
396,jet,6,0,
396,jet,7,0,
396,jet,8,3,
396,jet,9,1,
396,jet,10,0,
396,jet,11,1,
396,jet,12,1,
397,jet,0,1,
397,jet,1,2,
397,jet,2,1,
397,jet,3,1,
397,jet,4,2,
397,jet,5,2,
397,jet,6,0,
397,jet,7,3,
397,jet,8,7,
397,jet,9,0,
397,jet,10,1,
397,jet,11,0,
398,photon,0,1,0.0
398,photon,1,0,0.0
398,jet,0,2,
398,jet,1,3,
398,jet,2,4,
398,jet,3,1,
398,jet,4,0,
399,photon,0,0,0.0
399,jet,0,2,
399,jet,1,6,
400,photon,0,2,0.0
400,jet,0,6,
400,jet,1,0,
400,jet,2,4,
400,jet,3,0,
401,photon,0,2,0.0
401,jet,0,5,
401,jet,1,3,
401,jet,2,5,
401,jet,3,1,
401,jet,4,0,
401,jet,5,2,
401,jet,6,1,
401,jet,7,1,
401,jet,8,2,
401,jet,9,2,
401,jet,10,1,
401,jet,11,3,
401,jet,12,1,
402,photon,0,1,0.0
402,photon,1,1,0.0
402,jet,0,4,
402,jet,1,3,
402,jet,2,5,
402,jet,3,1,
402,jet,4,0,
402,jet,5,3,
403,jet,0,1,
403,jet,1,2,
403,jet,2,1,
403,jet,3,5,
404,photon,0,1,0.0
404,jet,0,7,
404,jet,1,1,
404,jet,2,4,
405,photon,0,3,0.0
405,jet,0,6,
405,jet,1,7,
405,jet,2,2,
405,jet,3,2,
405,jet,4,2,
405,jet,5,1,
405,jet,6,1,
406,photon,0,0,0.0
406,jet,0,0,
406,jet,1,2,
406,jet,2,1,
406,jet,3,1,
406,jet,4,3,
406,jet,5,2,
406,jet,6,2,
406,jet,7,0,
406,jet,8,1,
406,jet,9,0,
406,jet,10,0,
406,jet,11,3,
406,jet,12,1,
407,photon,0,1,0.0
407,jet,0,6,
407,jet,1,3,
407,jet,2,2,
407,jet,3,4,
407,jet,4,1,
407,jet,5,1,
407,jet,6,2,
407,jet,7,0,
407,jet,8,1,
408,photon,0,3,0.0
408,jet,0,10,
408,jet,1,5,
408,jet,2,3,
408,jet,3,1,
408,jet,4,0,
408,jet,5,1,
408,jet,6,5,
408,jet,7,1,
408,jet,8,0,
408,jet,9,3,
408,jet,10,2,
408,jet,11,3,
408,jet,12,2,
408,jet,13,3,
408,jet,14,1,
408,jet,15,2,
408,jet,16,1,
408,jet,17,2,
408,jet,18,0,
408,jet,19,0,
408,jet,20,2,
408,jet,21,1,
408,jet,22,1,
408,jet,23,3,
408,jet,24,1,
408,jet,25,1,
408,jet,26,3,
408,jet,27,1,
409,jet,0,6,
409,jet,1,0,
409,jet,2,1,
409,jet,3,0,
410,photon,0,0,0.0
410,photon,1,1,0.0
410,jet,0,1,
410,jet,1,3,
411,photon,0,1,0.0
411,jet,0,3,
411,jet,1,3,
411,jet,2,2,
411,jet,3,3,
411,jet,4,3,
411,jet,5,1,
411,jet,6,0,
411,jet,7,1,
411,jet,8,0,
411,jet,9,2,
412,photon,0,0,0.0
412,photon,1,1,0.0
412,jet,0,8,
412,jet,1,4,
413,photon,0,2,0.0
413,jet,0,0,
413,jet,1,7,
413,jet,2,5,
413,jet,3,4,
413,jet,4,5,
413,jet,5,4,
413,jet,6,2,
413,jet,7,4,
413,jet,8,1,
413,jet,9,1,
413,jet,10,1,
413,jet,11,1,
413,jet,12,2,
413,jet,13,1,
413,jet,14,0,
413,jet,15,1,
413,jet,16,0,
413,jet,17,0,
413,jet,18,0,
413,jet,19,0,
414,photon,0,2,0.0
414,jet,0,5,
414,jet,1,2,
414,jet,2,1,
414,jet,3,2,
414,jet,4,2,
414,jet,5,0,
415,photon,0,2,0.0
415,jet,0,3,
415,jet,1,2,
415,jet,2,0,
415,jet,3,0,
415,jet,4,1,
415,jet,5,0,
415,jet,6,2,
415,jet,7,2,
415,jet,8,3,
415,jet,9,0,
416,photon,0,2,0.0
416,jet,0,6,
416,jet,1,3,
416,jet,2,3,
416,jet,3,1,
416,jet,4,2,
416,jet,5,0,
416,jet,6,1,
416,jet,7,1,
416,jet,8,0,
416,jet,9,2,
416,jet,10,0,
417,photon,0,0,0.0
417,photon,1,2,0.0
417,jet,0,4,
417,jet,1,4,
417,jet,2,2,
417,jet,3,2,
417,jet,4,0,
419,photon,0,1,0.0
419,jet,0,0,
419,jet,1,3,
420,photon,0,1,0.0
420,photon,1,3,0.0
420,jet,0,8,
420,jet,1,2,
420,jet,2,2,
420,jet,3,2,
420,jet,4,0,
420,jet,5,0,
420,jet,6,2,
420,jet,7,5,
420,jet,8,1,
421,photon,0,3,0.0
421,photon,1,0,0.0
421,jet,0,3,
421,jet,1,5,
421,jet,2,1,
421,jet,3,1,
421,jet,4,1,
421,jet,5,3,
421,jet,6,4,
421,jet,7,3,
421,jet,8,0,
421,jet,9,1,
421,jet,10,3,
421,jet,11,1,
421,jet,12,1,
421,jet,13,3,
421,jet,14,3,
421,jet,15,4,
421,jet,16,2,
421,jet,17,4,
421,jet,18,2,
422,photon,0,0,0.0
422,photon,1,0,0.0
422,jet,0,5,
422,jet,1,4,
424,photon,0,0,0.0
424,jet,0,2,
424,jet,1,6,
424,jet,2,5,
424,jet,3,4,
424,jet,4,2,
424,jet,5,0,
424,jet,6,1,
424,jet,7,3,
425,photon,0,1,0.0
425,jet,0,5,
425,jet,1,5,
425,jet,2,3,
425,jet,3,1,
425,jet,4,1,
425,jet,5,1,
425,jet,6,4,
425,jet,7,0,
425,jet,8,2,
425,jet,9,1,
425,jet,10,3,
425,jet,11,0,
425,jet,12,1,
425,jet,13,2,
425,jet,14,1,
425,jet,15,0,
425,jet,16,0,
425,jet,17,3,
425,jet,18,3,
425,jet,19,0,
425,jet,20,2,
425,jet,21,0,
426,photon,0,1,0.0
426,photon,1,4,0.0
426,jet,0,9,
426,jet,1,4,
426,jet,2,1,
426,jet,3,3,
426,jet,4,1,
426,jet,5,1,
426,jet,6,0,
426,jet,7,1,
426,jet,8,4,
426,jet,9,4,
426,jet,10,1,
426,jet,11,1,
426,jet,12,4,
426,jet,13,3,
426,jet,14,1,
426,jet,15,2,
426,jet,16,1,
426,jet,17,0,
426,jet,18,2,
426,jet,19,1,
426,jet,20,2,
426,jet,21,1,
426,jet,22,2,
426,jet,23,1,
426,jet,24,3,
426,jet,25,3,
426,jet,26,2,
426,jet,27,3,
426,jet,28,2,
426,jet,29,2,
426,jet,30,1,
426,jet,31,3,
426,jet,32,1,
427,photon,0,2,0.0
427,jet,0,6,
427,jet,1,0,
427,jet,2,3,
428,jet,0,2,
428,jet,1,7,
428,jet,2,2,
428,jet,3,8,
428,jet,4,0,
428,jet,5,0,
429,photon,0,0,0.0
429,photon,1,0,0.0
429,jet,0,4,
429,jet,1,5,
429,jet,2,0,
430,photon,0,1,0.0
430,jet,0,8,
430,jet,1,6,
430,jet,2,5,
430,jet,3,6,
430,jet,4,0,
430,jet,5,1,
430,jet,6,2,
430,jet,7,1,
430,jet,8,3,
430,jet,9,0,
431,photon,0,1,0.0
431,jet,0,3,
431,jet,1,3,
432,jet,0,8,
432,jet,1,3,
432,jet,2,4,
432,jet,3,0,
432,jet,4,3,
432,jet,5,0,
432,jet,6,0,
432,jet,7,2,
432,jet,8,2,
432,jet,9,2,
432,jet,10,2,
432,jet,11,2,
433,jet,0,4,
433,jet,1,5,
433,jet,2,2,
433,jet,3,1,
433,jet,4,1,
433,jet,5,0,
433,jet,6,0,
433,jet,7,2,
433,jet,8,0,
433,jet,9,3,
434,photon,0,0,0.0
434,photon,1,0,0.0
434,jet,0,6,
434,jet,1,1,
434,jet,2,2,
434,jet,3,1,
434,jet,4,0,
434,jet,5,2,
434,jet,6,1,
434,jet,7,3,
434,jet,8,1,
435,photon,0,0,0.0
435,jet,0,9,
435,jet,1,3,
435,jet,2,2,
435,jet,3,2,
435,jet,4,0,
435,jet,5,2,
435,jet,6,0,
435,jet,7,1,
436,photon,0,1,0.0
436,photon,1,0,0.0
436,jet,0,6,
437,photon,0,1,0.0
437,jet,0,2,
437,jet,1,3,
437,jet,2,2,
438,photon,0,2,0.0
438,jet,0,8,
438,jet,1,3,
438,jet,2,2,
438,jet,3,3,
439,photon,0,1,0.0
439,jet,0,1,
439,jet,1,6,
439,jet,2,3,
439,jet,3,2,
439,jet,4,2,
439,jet,5,3,
439,jet,6,0,
439,jet,7,5,
440,photon,0,2,0.0
440,jet,0,2,
440,jet,1,7,
440,jet,2,4,
440,jet,3,4,
440,jet,4,1,
440,jet,5,2,
440,jet,6,2,
440,jet,7,0,
440,jet,8,3,
440,jet,9,2,
440,jet,10,2,
440,jet,11,1,
440,jet,12,2,
442,photon,0,0,0.0
442,jet,0,8,
442,jet,1,3,
442,jet,2,10,
442,jet,3,4,
442,jet,4,1,
442,jet,5,1,
442,jet,6,2,
442,jet,7,3,
442,jet,8,2,
442,jet,9,0,
442,jet,10,1,
442,jet,11,1,
442,jet,12,0,
442,jet,13,3,
442,jet,14,0,
442,jet,15,1,
442,jet,16,2,
442,jet,17,0,
443,photon,0,2,0.0
443,photon,1,0,0.0
443,jet,0,9,
443,jet,1,5,
443,jet,2,7,
443,jet,3,4,
443,jet,4,6,
443,jet,5,1,
443,jet,6,2,
443,jet,7,0,
444,photon,0,0,0.0
444,jet,0,6,
444,jet,1,0,
444,jet,2,0,
444,jet,3,2,
444,jet,4,2,
444,jet,5,2,
446,photon,0,0,0.0
446,jet,0,3,
446,jet,1,10,
446,jet,2,4,
447,photon,0,2,0.0
447,photon,1,2,0.0
447,jet,0,6,
447,jet,1,4,
447,jet,2,3,
447,jet,3,0,
448,photon,0,3,0.0
448,jet,0,2,
448,jet,1,7,
448,jet,2,5,
448,jet,3,3,
448,jet,4,3,
448,jet,5,0,
448,jet,6,0,
448,jet,7,2,
448,jet,8,4,
448,jet,9,2,
448,jet,10,1,
449,photon,0,0,0.0
449,photon,1,3,0.0
449,jet,0,4,
449,jet,1,3,
449,jet,2,0,
450,photon,0,0,0.0
450,photon,1,1,0.0
450,jet,0,9,
450,jet,1,5,
450,jet,2,7,
450,jet,3,1,
450,jet,4,3,
450,jet,5,1,
450,jet,6,0,
450,jet,7,2,
450,jet,8,1,
450,jet,9,1,
450,jet,10,6,
450,jet,11,2,
451,photon,0,1,0.0
451,jet,0,2,
451,jet,1,3,
451,jet,2,1,
451,jet,3,2,
451,jet,4,3,
452,photon,0,0,0.0
452,jet,0,4,
452,jet,1,1,
452,jet,2,3,
452,jet,3,5,
452,jet,4,1,
452,jet,5,0,
452,jet,6,0,
452,jet,7,0,
452,jet,8,0,
452,jet,9,0,
452,jet,10,0,
452,jet,11,0,
452,jet,12,2,
452,jet,13,3,
453,photon,0,0,0.0
453,jet,0,3,
453,jet,1,2,
453,jet,2,6,
455,photon,0,0,0.0
455,jet,0,4,
455,jet,1,4,
455,jet,2,3,
455,jet,3,1,
455,jet,4,1,
455,jet,5,0,
456,jet,0,6,
456,jet,1,1,
456,jet,2,3,
456,jet,3,2,
456,jet,4,1,
456,jet,5,1,
456,jet,6,0,
456,jet,7,1,
456,jet,8,0,
456,jet,9,3,
456,jet,10,1,
456,jet,11,0,
456,jet,12,1,
456,jet,13,0,
456,jet,14,0,
457,jet,0,3,
457,jet,1,0,
457,jet,2,6,
457,jet,3,3,
458,jet,0,1,
458,jet,1,5,
458,jet,2,5,
458,jet,3,1,
458,jet,4,2,
458,jet,5,1,
458,jet,6,1,
458,jet,7,3,
458,jet,8,2,
458,jet,9,2,
458,jet,10,1,
458,jet,11,1,
458,jet,12,5,
458,jet,13,1,
458,jet,14,0,
458,jet,15,0,
459,photon,0,0,0.0
459,jet,0,4,
459,jet,1,6,
459,jet,2,1,
459,jet,3,2,
459,jet,4,1,
460,photon,0,1,0.0
460,jet,0,7,
460,jet,1,7,
460,jet,2,1,
460,jet,3,7,
460,jet,4,2,
460,jet,5,1,
460,jet,6,0,
460,jet,7,2,
460,jet,8,0,
460,jet,9,1,
460,jet,10,2,
460,jet,11,1,
462,photon,0,0,0.0
462,jet,0,3,
462,jet,1,5,
462,jet,2,2,
462,jet,3,5,
462,jet,4,1,
462,jet,5,1,
462,jet,6,3,
462,jet,7,1,
462,jet,8,1,
462,jet,9,1,
462,jet,10,2,
463,photon,0,2,0.0
463,jet,0,8,
463,jet,1,2,
463,jet,2,5,
463,jet,3,1,
463,jet,4,1,
463,jet,5,1,
463,jet,6,2,
463,jet,7,1,
463,jet,8,1,
464,photon,0,2,0.0
464,jet,0,5,
464,jet,1,3,
464,jet,2,1,
464,jet,3,3,
464,jet,4,3,
464,jet,5,0,
464,jet,6,1,
465,photon,0,1,0.0
465,jet,0,2,
465,jet,1,5,
465,jet,2,4,
465,jet,3,2,
465,jet,4,0,
465,jet,5,0,
466,photon,0,1,0.0
466,photon,1,1,0.0
466,jet,0,5,
466,jet,1,3,
466,jet,2,5,
466,jet,3,4,
466,jet,4,2,
466,jet,5,1,
466,jet,6,3,
466,jet,7,3,
466,jet,8,2,
467,photon,0,1,0.0
467,photon,1,1,0.0
467,jet,0,3,
467,jet,1,3,
467,jet,2,2,
467,jet,3,2,
467,jet,4,2,
467,jet,5,2,
467,jet,6,3,
467,jet,7,0,
467,jet,8,0,
467,jet,9,1,
467,jet,10,0,
468,jet,0,3,
468,jet,1,6,
468,jet,2,4,
468,jet,3,1,
469,photon,0,0,0.0
469,jet,0,6,
469,jet,1,3,
469,jet,2,4,
469,jet,3,4,
469,jet,4,2,
469,jet,5,0,
470,photon,0,2,0.0
470,jet,0,5,
470,jet,1,3,
470,jet,2,2,
470,jet,3,1,
470,jet,4,2,
470,jet,5,0,
470,jet,6,2,
470,jet,7,0,
470,jet,8,1,
470,jet,9,2,
471,jet,0,4,
471,jet,1,2,
471,jet,2,0,
471,jet,3,2,
471,jet,4,3,
471,jet,5,4,
471,jet,6,2,
471,jet,7,2,
471,jet,8,2,
471,jet,9,2,
471,jet,10,0,
471,jet,11,0,
472,photon,0,0,0.0
472,jet,0,4,
472,jet,1,6,
472,jet,2,4,
473,photon,0,2,0.0
473,jet,0,8,
473,jet,1,1,
473,jet,2,2,
475,photon,0,0,0.0
475,jet,0,3,
475,jet,1,3,
475,jet,2,2,
475,jet,3,1,
476,photon,0,2,0.0
476,photon,1,0,0.0
476,jet,0,3,
476,jet,1,3,
476,jet,2,1,
476,jet,3,4,
477,photon,0,1,0.0
477,photon,1,1,0.0
477,jet,0,10,
477,jet,1,4,
477,jet,2,1,
477,jet,3,1,
477,jet,4,0,
477,jet,5,0,
477,jet,6,1,
477,jet,7,1,
477,jet,8,1,
477,jet,9,1,
477,jet,10,3,
477,jet,11,0,
477,jet,12,2,
477,jet,13,3,
477,jet,14,4,
477,jet,15,0,
477,jet,16,2,
477,jet,17,1,
478,photon,0,0,0.0
478,photon,1,2,0.0
478,jet,0,5,
478,jet,1,9,
479,photon,0,1,0.0
479,jet,0,5,
479,jet,1,4,
479,jet,2,1,
479,jet,3,4,
479,jet,4,2,
479,jet,5,1,
479,jet,6,1,
479,jet,7,2,
479,jet,8,0,
479,jet,9,1,
480,photon,0,2,0.0
480,photon,1,0,0.0
480,jet,0,5,
480,jet,1,1,
480,jet,2,0,
480,jet,3,1,
480,jet,4,3,
481,photon,0,2,0.0
481,jet,0,3,
481,jet,1,5,
481,jet,2,6,
481,jet,3,2,
481,jet,4,5,
481,jet,5,2,
481,jet,6,1,
481,jet,7,4,
481,jet,8,1,
481,jet,9,2,
481,jet,10,1,
481,jet,11,0,
481,jet,12,2,
481,jet,13,2,
482,jet,0,6,
482,jet,1,2,
482,jet,2,7,
482,jet,3,3,
482,jet,4,6,
482,jet,5,2,
482,jet,6,0,
482,jet,7,1,
482,jet,8,1,
483,photon,0,1,0.0
483,jet,0,4,
483,jet,1,1,
483,jet,2,3,
483,jet,3,1,
483,jet,4,0,
483,jet,5,1,
484,photon,0,1,0.0
484,photon,1,2,0.0
484,jet,0,7,
484,jet,1,6,
484,jet,2,1,
484,jet,3,4,
484,jet,4,4,
484,jet,5,2,
484,jet,6,3,
484,jet,7,2,
484,jet,8,0,
484,jet,9,0,
484,jet,10,2,
485,photon,0,1,0.0
485,jet,0,14,
485,jet,1,10,
485,jet,2,4,
485,jet,3,10,
485,jet,4,5,
485,jet,5,1,
485,jet,6,0,
486,photon,0,2,0.0
486,photon,1,0,0.0
486,jet,0,4,
486,jet,1,1,
486,jet,2,1,
486,jet,3,1,
486,jet,4,0,
486,jet,5,1,
486,jet,6,0,
486,jet,7,0,
486,jet,8,0,
486,jet,9,1,
486,jet,10,1,
486,jet,11,0,
486,jet,12,1,
487,photon,0,0,0.0
487,jet,0,3,
487,jet,1,3,
487,jet,2,1,
487,jet,3,0,
488,photon,0,1,0.0
488,jet,0,3,
488,jet,1,3,
488,jet,2,6,
488,jet,3,4,
488,jet,4,2,
488,jet,5,0,
488,jet,6,2,
489,photon,0,1,0.0
489,jet,0,4,
489,jet,1,1,
489,jet,2,4,
489,jet,3,2,
489,jet,4,2,
489,jet,5,4,
490,photon,0,1,0.0
490,jet,0,1,
490,jet,1,2,
490,jet,2,1,
490,jet,3,4,
490,jet,4,0,
490,jet,5,0,
490,jet,6,2,
491,jet,0,2,
491,jet,1,2,
491,jet,2,4,
491,jet,3,1,
491,jet,4,0,
491,jet,5,2,
492,photon,0,1,0.0
492,jet,0,4,
492,jet,1,2,
493,photon,0,1,0.0
493,jet,0,1,
493,jet,1,1,
493,jet,2,3,
493,jet,3,3,
493,jet,4,1,
493,jet,5,0,
493,jet,6,2,
494,photon,0,3,0.0
494,jet,0,6,
494,jet,1,6,
494,jet,2,4,
494,jet,3,1,
494,jet,4,2,
494,jet,5,2,
494,jet,6,0,
494,jet,7,3,
494,jet,8,2,
494,jet,9,0,
495,photon,0,2,0.0
495,photon,1,0,0.0
495,jet,0,3,
495,jet,1,1,
495,jet,2,2,
495,jet,3,0,
495,jet,4,0,
495,jet,5,2,
496,photon,0,0,0.0
496,jet,0,6,
496,jet,1,2,
496,jet,2,0,
496,jet,3,3,
496,jet,4,1,
496,jet,5,2,
496,jet,6,1,
496,jet,7,1,
497,photon,0,1,0.0
497,photon,1,0,0.0
497,jet,0,4,
497,jet,1,1,
497,jet,2,1,
497,jet,3,2,
498,photon,0,2,0.0
498,jet,0,6,
498,jet,1,6,
498,jet,2,1,
498,jet,3,3,
498,jet,4,2,
498,jet,5,4,
498,jet,6,3,
499,photon,0,4,0.0
499,jet,0,8,
499,jet,1,8,
499,jet,2,7,
499,jet,3,3,
499,jet,4,5,
499,jet,5,1,
499,jet,6,1,
499,jet,7,0,
499,jet,8,0,
499,jet,9,0,
499,jet,10,0,
499,jet,11,1,
500,photon,0,1,0.0
500,photon,1,1,0.0
500,jet,0,10,
500,jet,1,4,
500,jet,2,4,
500,jet,3,7,
501,photon,0,0,0.0
501,jet,0,2,
501,jet,1,7,
501,jet,2,1,
501,jet,3,2,
502,jet,0,7,
502,jet,1,2,
502,jet,2,4,
502,jet,3,2,
503,photon,0,1,0.0
503,jet,0,2,
503,jet,1,3,
503,jet,2,4,
503,jet,3,4,
503,jet,4,1,
503,jet,5,2,
503,jet,6,2,
503,jet,7,4,
503,jet,8,1,
503,jet,9,3,
503,jet,10,1,
503,jet,11,2,
503,jet,12,2,
503,jet,13,2,
503,jet,14,2,
504,photon,0,1,0.0
504,jet,0,3,
504,jet,1,1,
504,jet,2,1,
504,jet,3,3,
504,jet,4,0,
504,jet,5,0,
504,jet,6,1,
504,jet,7,4,
504,jet,8,1,
505,photon,0,1,0.0
505,photon,1,1,0.0
505,jet,0,2,
505,jet,1,7,
505,jet,2,5,
505,jet,3,2,
505,jet,4,0,
505,jet,5,0,
506,jet,0,14,
506,jet,1,4,
506,jet,2,0,
506,jet,3,5,
506,jet,4,10,
506,jet,5,3,
506,jet,6,2,
506,jet,7,4,
506,jet,8,3,
506,jet,9,3,
506,jet,10,1,
506,jet,11,1,
506,jet,12,1,
506,jet,13,1,
506,jet,14,2,
506,jet,15,1,
506,jet,16,1,
506,jet,17,0,
506,jet,18,2,
506,jet,19,2,
506,jet,20,0,
506,jet,21,4,
506,jet,22,0,
506,jet,23,0,
506,jet,24,0,
507,photon,0,1,0.0
507,jet,0,8,
507,jet,1,3,
507,jet,2,2,
507,jet,3,1,
507,jet,4,0,
508,photon,0,4,0.0
508,jet,0,4,
508,jet,1,6,
508,jet,2,5,
508,jet,3,2,
508,jet,4,1,
508,jet,5,2,
510,photon,0,1,0.0
510,jet,0,7,
510,jet,1,2,
510,jet,2,3,
510,jet,3,4,
510,jet,4,7,
510,jet,5,0,
510,jet,6,0,
511,photon,0,1,0.0
511,jet,0,6,
511,jet,1,3,
511,jet,2,2,
511,jet,3,1,
511,jet,4,3,
511,jet,5,0,
511,jet,6,0,
512,jet,0,6,
512,jet,1,2,
512,jet,2,3,
513,photon,0,1,0.0
513,jet,0,4,
513,jet,1,4,
513,jet,2,5,
513,jet,3,1,
514,photon,0,2,0.0
514,jet,0,10,
514,jet,1,1,
514,jet,2,1,
514,jet,3,2,
514,jet,4,1,
514,jet,5,1,
514,jet,6,1,
514,jet,7,1,
514,jet,8,2,
514,jet,9,3,
514,jet,10,1,
514,jet,11,1,
514,jet,12,4,
514,jet,13,2,
514,jet,14,1,
514,jet,15,0,
514,jet,16,1,
514,jet,17,1,
514,jet,18,1,
514,jet,19,1,
514,jet,20,1,
515,photon,0,0,0.0
515,jet,0,2,
515,jet,1,1,
515,jet,2,2,
516,photon,0,0,0.0
516,photon,1,1,0.0
516,jet,0,6,
516,jet,1,1,
516,jet,2,2,
516,jet,3,3,
517,jet,0,3,
517,jet,1,10,
517,jet,2,4,
517,jet,3,9,
517,jet,4,3,
517,jet,5,1,
517,jet,6,1,
517,jet,7,4,
517,jet,8,3,
517,jet,9,1,
517,jet,10,1,
517,jet,11,4,
518,photon,0,0,0.0
518,jet,0,2,
518,jet,1,0,
518,jet,2,1,
519,photon,0,2,0.0
519,photon,1,2,0.0
519,jet,0,3,
519,jet,1,3,
519,jet,2,4,
519,jet,3,3,
520,photon,0,1,0.0
520,jet,0,3,
520,jet,1,3,
520,jet,2,0,
520,jet,3,3,
520,jet,4,4,
520,jet,5,0,
520,jet,6,1,
520,jet,7,3,
520,jet,8,0,
520,jet,9,4,
520,jet,10,2,
520,jet,11,1,
520,jet,12,1,
520,jet,13,2,
520,jet,14,3,
520,jet,15,0,
520,jet,16,1,
521,photon,0,1,0.0
521,jet,0,9,
521,jet,1,7,
521,jet,2,0,
521,jet,3,3,
521,jet,4,3,
521,jet,5,2,
521,jet,6,1,
521,jet,7,0,
521,jet,8,0,
521,jet,9,1,
521,jet,10,0,
523,photon,0,1,0.0
523,jet,0,6,
523,jet,1,2,
524,jet,0,5,
524,jet,1,6,
524,jet,2,4,
524,jet,3,0,
525,photon,0,1,0.0
525,jet,0,7,
525,jet,1,8,
525,jet,2,2,
525,jet,3,1,
525,jet,4,2,
525,jet,5,0,
525,jet,6,1,
525,jet,7,0,
526,jet,0,3,
526,jet,1,2,
526,jet,2,3,
526,jet,3,2,
526,jet,4,2,
526,jet,5,3,
526,jet,6,1,
526,jet,7,1,
526,jet,8,1,
526,jet,9,1,
527,photon,0,0,0.0
527,jet,0,3,
527,jet,1,1,
527,jet,2,0,
527,jet,3,0,
527,jet,4,2,
527,jet,5,1,
527,jet,6,1,
528,photon,0,1,0.0
528,jet,0,9,
528,jet,1,0,
528,jet,2,1,
528,jet,3,1,
528,jet,4,0,
529,photon,0,1,0.0
529,jet,0,5,
529,jet,1,6,
529,jet,2,2,
529,jet,3,4,
529,jet,4,3,
529,jet,5,1,
529,jet,6,1,
529,jet,7,7,
529,jet,8,2,
529,jet,9,1,
529,jet,10,0,
529,jet,11,1,
530,photon,0,1,0.0
530,photon,1,1,0.0
530,jet,0,4,
530,jet,1,5,
530,jet,2,4,
530,jet,3,0,
530,jet,4,3,
530,jet,5,2,
531,photon,0,1,0.0
531,jet,0,4,
531,jet,1,1,
532,jet,0,10,
532,jet,1,3,
532,jet,2,2,
532,jet,3,2,
532,jet,4,0,
533,photon,0,0,0.0
533,photon,1,2,0.0
533,jet,0,3,
533,jet,1,3,
533,jet,2,1,
533,jet,3,1,
533,jet,4,0,
533,jet,5,1,
534,photon,0,2,0.0
534,jet,0,6,
534,jet,1,0,
534,jet,2,4,
534,jet,3,3,
534,jet,4,2,
534,jet,5,3,
534,jet,6,0,
534,jet,7,0,
534,jet,8,3,
534,jet,9,2,
535,photon,0,1,0.0
535,jet,0,7,
535,jet,1,6,
535,jet,2,1,
535,jet,3,2,
535,jet,4,2,
535,jet,5,0,
535,jet,6,0,
536,jet,0,2,
536,jet,1,0,
537,photon,0,0,0.0
537,jet,0,2,
537,jet,1,2,
537,jet,2,1,
537,jet,3,4,
537,jet,4,3,
537,jet,5,3,
537,jet,6,0,
537,jet,7,0,
537,jet,8,0,
538,photon,0,3,0.0
538,jet,0,2,
538,jet,1,3,
538,jet,2,2,
538,jet,3,3,
538,jet,4,2,
538,jet,5,2,
538,jet,6,3,
538,jet,7,1,
539,photon,0,1,0.0
539,photon,1,0,0.0
539,jet,0,7,
539,jet,1,4,
539,jet,2,2,
539,jet,3,1,
539,jet,4,1,
540,photon,0,1,0.0
540,photon,1,4,0.0
540,jet,0,6,
540,jet,1,7,
540,jet,2,3,
540,jet,3,4,
541,photon,0,1,0.0
541,jet,0,5,
541,jet,1,3,
541,jet,2,1,
541,jet,3,0,
541,jet,4,0,
541,jet,5,2,
541,jet,6,3,
542,photon,0,0,0.0
542,jet,0,2,
542,jet,1,5,
542,jet,2,3,
542,jet,3,4,
542,jet,4,1,
542,jet,5,3,
542,jet,6,1,
542,jet,7,0,
542,jet,8,0,
542,jet,9,1,
542,jet,10,2,
542,jet,11,1,
542,jet,12,1,
542,jet,13,2,
543,photon,0,3,0.0
543,jet,0,4,
543,jet,1,3,
543,jet,2,1,
543,jet,3,5,
544,photon,0,1,0.0
544,jet,0,6,
544,jet,1,1,
544,jet,2,3,
544,jet,3,3,
544,jet,4,3,
544,jet,5,5,
544,jet,6,1,
544,jet,7,2,
544,jet,8,3,
544,jet,9,0,
544,jet,10,1,
545,photon,0,1,0.0
545,jet,0,6,
545,jet,1,2,
545,jet,2,4,
545,jet,3,1,
545,jet,4,2,
545,jet,5,4,
545,jet,6,2,
545,jet,7,3,
546,photon,0,0,0.0
546,jet,0,1,
546,jet,1,1,
546,jet,2,6,
546,jet,3,2,
546,jet,4,4,
546,jet,5,1,
546,jet,6,4,
546,jet,7,3,
546,jet,8,3,
547,photon,0,0,0.0
547,photon,1,0,0.0
547,jet,0,6,
547,jet,1,2,
547,jet,2,2,
548,photon,0,0,0.0
548,jet,0,5,
548,jet,1,5,
548,jet,2,0,
548,jet,3,4,
548,jet,4,0,
548,jet,5,0,
548,jet,6,0,
548,jet,7,0,
548,jet,8,2,
549,jet,0,2,
549,jet,1,4,
549,jet,2,3,
549,jet,3,2,
550,photon,0,2,0.0
550,jet,0,3,
550,jet,1,5,
550,jet,2,2,
550,jet,3,3,
550,jet,4,1,
550,jet,5,1,
550,jet,6,1,
550,jet,7,2,
550,jet,8,1,
550,jet,9,2,
550,jet,10,1,
550,jet,11,5,
551,jet,0,1,
551,jet,1,9,
551,jet,2,2,
551,jet,3,2,
551,jet,4,0,
551,jet,5,0,
552,photon,0,2,0.0
552,jet,0,4,
552,jet,1,0,
552,jet,2,5,
552,jet,3,1,
552,jet,4,0,
552,jet,5,1,
552,jet,6,0,
552,jet,7,0,
552,jet,8,0,
552,jet,9,3,
552,jet,10,3,
552,jet,11,0,
552,jet,12,1,
552,jet,13,0,
553,photon,0,2,0.0
553,photon,1,0,0.0
553,jet,0,12,
553,jet,1,7,
553,jet,2,2,
553,jet,3,4,
553,jet,4,1,
553,jet,5,1,
553,jet,6,3,
553,jet,7,2,
553,jet,8,3,
553,jet,9,0,
553,jet,10,4,
553,jet,11,5,
554,jet,0,3,
554,jet,1,4,
554,jet,2,4,
554,jet,3,2,
554,jet,4,4,
554,jet,5,5,
554,jet,6,2,
555,photon,0,0,0.0
555,photon,1,1,0.0
555,jet,0,6,
555,jet,1,9,
555,jet,2,3,
555,jet,3,5,
555,jet,4,3,
555,jet,5,5,
555,jet,6,0,
555,jet,7,3,
555,jet,8,1,
555,jet,9,2,
556,photon,0,3,0.0
556,jet,0,13,
556,jet,1,3,
556,jet,2,5,
556,jet,3,0,
556,jet,4,0,
556,jet,5,4,
556,jet,6,1,
557,photon,0,1,0.0
557,photon,1,0,0.0
557,jet,0,7,
557,jet,1,10,
557,jet,2,3,
557,jet,3,1,
557,jet,4,2,
557,jet,5,0,
557,jet,6,0,
558,photon,0,0,0.0
558,jet,0,4,
558,jet,1,0,
559,photon,0,1,0.0
559,jet,0,6,
559,jet,1,2,
559,jet,2,3,
559,jet,3,1,
559,jet,4,1,
560,photon,0,0,0.0
560,jet,0,5,
560,jet,1,1,
560,jet,2,0,
560,jet,3,0,
560,jet,4,2,
560,jet,5,0,
560,jet,6,0,
560,jet,7,0,
560,jet,8,0,
560,jet,9,0,
560,jet,10,1,
561,photon,0,1,0.0
561,jet,0,0,
561,jet,1,5,
561,jet,2,2,
561,jet,3,6,
561,jet,4,1,
561,jet,5,2,
562,photon,0,1,0.0
562,jet,0,4,
562,jet,1,1,
562,jet,2,8,
562,jet,3,3,
562,jet,4,4,
563,photon,0,0,0.0
563,jet,0,9,
563,jet,1,2,
563,jet,2,2,
563,jet,3,1,
564,photon,0,0,0.0
564,photon,1,0,0.0
564,jet,0,11,
564,jet,1,2,
564,jet,2,2,
564,jet,3,0,
566,photon,0,3,0.0
566,jet,0,5,
566,jet,1,3,
566,jet,2,3,
566,jet,3,2,
566,jet,4,3,
566,jet,5,2,
566,jet,6,3,
566,jet,7,1,
566,jet,8,1,
566,jet,9,1,
566,jet,10,0,
567,photon,0,2,0.0
567,jet,0,2,
567,jet,1,3,
567,jet,2,1,
567,jet,3,2,
567,jet,4,1,
567,jet,5,2,
567,jet,6,2,
567,jet,7,2,
567,jet,8,0,
567,jet,9,1,
567,jet,10,1,
568,photon,0,1,0.0
568,jet,0,1,
568,jet,1,4,
568,jet,2,1,
568,jet,3,2,
569,photon,0,1,0.0
569,jet,0,5,
569,jet,1,4,
569,jet,2,4,
569,jet,3,3,
569,jet,4,3,
570,photon,0,0,0.0
570,photon,1,3,0.0
570,jet,0,9,
570,jet,1,5,
570,jet,2,0,
570,jet,3,2,
570,jet,4,0,
571,photon,0,0,0.0
571,jet,0,4,
572,photon,0,0,0.0
572,photon,1,0,0.0
572,jet,0,7,
572,jet,1,6,
572,jet,2,7,
573,jet,0,2,
573,jet,1,13,
573,jet,2,6,
573,jet,3,4,
573,jet,4,0,
573,jet,5,3,
573,jet,6,1,
573,jet,7,3,
573,jet,8,2,
573,jet,9,2,
573,jet,10,0,
573,jet,11,3,
573,jet,12,2,
573,jet,13,2,
573,jet,14,2,
573,jet,15,0,
573,jet,16,0,
573,jet,17,0,
573,jet,18,1,
573,jet,19,3,
573,jet,20,0,
573,jet,21,2,
573,jet,22,2,
573,jet,23,1,
573,jet,24,1,
574,photon,0,1,0.0
574,jet,0,2,
574,jet,1,2,
574,jet,2,3,
574,jet,3,1,
574,jet,4,2,
574,jet,5,1,
574,jet,6,3,
574,jet,7,1,
575,photon,0,1,0.0
575,photon,1,0,0.0
575,jet,0,4,
575,jet,1,2,
575,jet,2,1,
575,jet,3,4,
575,jet,4,0,
575,jet,5,3,
576,photon,0,3,0.0
576,photon,1,0,0.0
576,jet,0,5,
576,jet,1,8,
576,jet,2,1,
576,jet,3,2,
576,jet,4,0,
576,jet,5,2,
576,jet,6,1,
576,jet,7,1,
577,photon,0,0,0.0
577,jet,0,1,
577,jet,1,0,
577,jet,2,0,
577,jet,3,3,
577,jet,4,0,
578,photon,0,0,0.0
578,jet,0,2,
578,jet,1,11,
578,jet,2,4,
579,photon,0,0,0.0
579,jet,0,6,
579,jet,1,3,
579,jet,2,3,
579,jet,3,2,
579,jet,4,0,
579,jet,5,2,
579,jet,6,0,
579,jet,7,0,
579,jet,8,1,
580,photon,0,3,0.0
580,jet,0,4,
580,jet,1,1,
580,jet,2,3,
580,jet,3,3,
580,jet,4,2,
580,jet,5,0,
580,jet,6,0,
580,jet,7,2,
580,jet,8,3,
580,jet,9,2,
580,jet,10,4,
580,jet,11,1,
580,jet,12,1,
580,jet,13,0,
580,jet,14,3,
580,jet,15,1,
580,jet,16,2,
580,jet,17,2,
580,jet,18,1,
580,jet,19,2,
580,jet,20,0,
581,photon,0,0,0.0
581,jet,0,7,
581,jet,1,7,
581,jet,2,0,
581,jet,3,2,
581,jet,4,4,
581,jet,5,1,
581,jet,6,1,
582,photon,0,0,0.0
582,photon,1,2,0.0
582,jet,0,3,
582,jet,1,2,
582,jet,2,1,
582,jet,3,1,
582,jet,4,3,
582,jet,5,0,
582,jet,6,3,
582,jet,7,3,
582,jet,8,1,
582,jet,9,6,
582,jet,10,2,
583,photon,0,1,0.0
583,jet,0,1,
583,jet,1,4,
583,jet,2,1,
583,jet,3,0,
583,jet,4,1,
583,jet,5,1,
584,photon,0,1,0.0
584,photon,1,0,0.0
584,jet,0,3,
585,photon,0,0,0.0
585,photon,1,2,0.0
585,jet,0,8,
585,jet,1,6,
585,jet,2,2,
585,jet,3,0,
585,jet,4,1,
586,photon,0,0,0.0
586,jet,0,2,
586,jet,1,1,
586,jet,2,5,
586,jet,3,3,
586,jet,4,2,
586,jet,5,0,
586,jet,6,1,
586,jet,7,1,
586,jet,8,0,
587,photon,0,1,0.0
587,photon,1,1,0.0
587,jet,0,10,
587,jet,1,6,
587,jet,2,2,
589,photon,0,1,0.0
589,jet,0,3,
589,jet,1,1,
589,jet,2,2,
589,jet,3,3,
590,photon,0,0,0.0
590,jet,0,10,
590,jet,1,10,
590,jet,2,4,
590,jet,3,1,
590,jet,4,3,
590,jet,5,2,
590,jet,6,2,
590,jet,7,2,
590,jet,8,0,
590,jet,9,2,
590,jet,10,0,
590,jet,11,0,
590,jet,12,0,
590,jet,13,3,
590,jet,14,1,
591,jet,0,10,
591,jet,1,3,
591,jet,2,6,
591,jet,3,4,
591,jet,4,6,
591,jet,5,1,
591,jet,6,1,
591,jet,7,1,
591,jet,8,2,
591,jet,9,0,
592,photon,0,1,0.0
592,photon,1,0,0.0
592,jet,0,4,
592,jet,1,6,
592,jet,2,7,
592,jet,3,1,
592,jet,4,2,
592,jet,5,3,
592,jet,6,1,
593,photon,0,0,0.0
593,jet,0,1,
593,jet,1,5,
593,jet,2,1,
593,jet,3,1,
594,jet,0,2,
594,jet,1,4,
594,jet,2,0,
594,jet,3,8,
594,jet,4,4,
594,jet,5,2,
594,jet,6,2,
594,jet,7,1,
594,jet,8,1,
595,photon,0,0,0.0
595,jet,0,11,
595,jet,1,5,
595,jet,2,6,
595,jet,3,1,
595,jet,4,2,
596,jet,0,1,
596,jet,1,3,
596,jet,2,7,
597,photon,0,2,0.0
597,photon,1,0,0.0
597,jet,0,16,
597,jet,1,5,
597,jet,2,3,
597,jet,3,4,
597,jet,4,1,
598,photon,0,1,0.0
598,jet,0,7,
598,jet,1,5,
598,jet,2,3,
598,jet,3,2,
598,jet,4,5,
598,jet,5,2,
599,photon,0,0,0.0
599,jet,0,12,
599,jet,1,4,
599,jet,2,4,
599,jet,3,2,
599,jet,4,4,
599,jet,5,0,
599,jet,6,4,
599,jet,7,2,
599,jet,8,1,
599,jet,9,3,
599,jet,10,0,
599,jet,11,1,
599,jet,12,2,
599,jet,13,1,
599,jet,14,1,
599,jet,15,0,
599,jet,16,1,
599,jet,17,3,
600,jet,0,3,
600,jet,1,1,
600,jet,2,1,
600,jet,3,0,
600,jet,4,6,
600,jet,5,3,
600,jet,6,0,
600,jet,7,1,
600,jet,8,4,
600,jet,9,0,
600,jet,10,0,
600,jet,11,1,
600,jet,12,0,
600,jet,13,3,
600,jet,14,1,
601,jet,0,1,
601,jet,1,2,
603,jet,0,3,
603,jet,1,2,
603,jet,2,4,
603,jet,3,2,
604,jet,0,5,
604,jet,1,3,
604,jet,2,0,
604,jet,3,0,
604,jet,4,1,
604,jet,5,0,
604,jet,6,0,
604,jet,7,0,
604,jet,8,3,
604,jet,9,2,
604,jet,10,1,
604,jet,11,0,
604,jet,12,2,
604,jet,13,0,
606,photon,0,2,0.0
606,jet,0,2,
606,jet,1,2,
606,jet,2,3,
606,jet,3,3,
607,photon,0,1,0.0
607,photon,1,1,0.0
607,jet,0,4,
607,jet,1,4,
607,jet,2,1,
608,jet,0,2,
608,jet,1,4,
608,jet,2,3,
608,jet,3,3,
608,jet,4,0,
608,jet,5,2,
608,jet,6,2,
609,photon,0,1,0.0
609,photon,1,2,0.0
609,jet,0,4,
609,jet,1,2,
609,jet,2,3,
609,jet,3,0,
609,jet,4,0,
609,jet,5,2,
609,jet,6,2,
609,jet,7,1,
609,jet,8,0,
609,jet,9,0,
609,jet,10,0,
609,jet,11,3,
609,jet,12,2,
609,jet,13,0,
610,photon,0,1,0.0
610,jet,0,3,
610,jet,1,6,
611,photon,0,1,0.0
611,photon,1,1,0.0
611,jet,0,13,
611,jet,1,4,
611,jet,2,2,
611,jet,3,0,
611,jet,4,7,
612,photon,0,0,0.0
612,photon,1,0,0.0
612,jet,0,7,
612,jet,1,4,
612,jet,2,3,
612,jet,3,4,
613,photon,0,3,0.0
613,photon,1,0,0.0
613,jet,0,12,
613,jet,1,2,
614,photon,0,0,0.0
614,jet,0,3,
614,jet,1,3,
614,jet,2,1,
614,jet,3,1,
614,jet,4,2,
614,jet,5,2,
614,jet,6,1,
615,photon,0,3,0.0
615,photon,1,1,0.0
615,jet,0,3,
615,jet,1,1,
615,jet,2,0,
616,photon,0,2,0.0
616,photon,1,1,0.0
616,jet,0,8,
616,jet,1,6,
616,jet,2,2,
616,jet,3,3,
616,jet,4,0,
616,jet,5,0,
617,photon,0,0,0.0
617,jet,0,4,
617,jet,1,3,
617,jet,2,0,
618,photon,0,0,0.0
618,jet,0,1,
618,jet,1,4,
618,jet,2,2,
618,jet,3,6,
618,jet,4,1,
618,jet,5,2,
619,jet,0,3,
619,jet,1,4,
619,jet,2,5,
619,jet,3,6,
619,jet,4,3,
619,jet,5,1,
619,jet,6,1,
621,jet,0,2,
621,jet,1,3,
621,jet,2,2,
621,jet,3,2,
621,jet,4,1,
621,jet,5,1,
621,jet,6,0,
621,jet,7,0,
621,jet,8,0,
621,jet,9,3,
621,jet,10,2,
622,photon,0,1,0.0
622,photon,1,0,0.0
622,jet,0,9,
622,jet,1,4,
622,jet,2,1,
622,jet,3,4,
622,jet,4,4,
622,jet,5,2,
622,jet,6,1,
622,jet,7,2,
622,jet,8,1,
623,jet,0,13,
623,jet,1,4,
623,jet,2,8,
623,jet,3,5,
623,jet,4,2,
624,photon,0,0,0.0
624,jet,0,4,
624,jet,1,8,
624,jet,2,5,
624,jet,3,4,
624,jet,4,3,
624,jet,5,0,
624,jet,6,1,
624,jet,7,1,
624,jet,8,0,
624,jet,9,0,
624,jet,10,1,
624,jet,11,1,
624,jet,12,2,
624,jet,13,0,
625,photon,0,0,0.0
625,jet,0,5,
625,jet,1,3,
625,jet,2,2,
625,jet,3,1,
626,photon,0,1,0.0
626,jet,0,3,
626,jet,1,3,
626,jet,2,5,
626,jet,3,2,
626,jet,4,0,
627,photon,0,0,0.0
627,photon,1,0,0.0
627,jet,0,4,
627,jet,1,2,
627,jet,2,3,
627,jet,3,2,
627,jet,4,1,
627,jet,5,2,
627,jet,6,1,
627,jet,7,0,
630,photon,0,1,0.0
630,jet,0,7,
630,jet,1,5,
630,jet,2,1,
630,jet,3,2,
630,jet,4,3,
630,jet,5,1,
630,jet,6,2,
630,jet,7,4,
630,jet,8,1,
631,photon,0,5,0.0
631,jet,0,1,
631,jet,1,4,
631,jet,2,3,
631,jet,3,1,
631,jet,4,1,
631,jet,5,1,
632,photon,0,2,0.0
632,jet,0,4,
632,jet,1,2,
632,jet,2,1,
632,jet,3,5,
632,jet,4,1,
633,jet,0,2,
633,jet,1,10,
633,jet,2,1,
634,jet,0,11,
634,jet,1,2,
634,jet,2,7,
634,jet,3,7,
634,jet,4,5,
634,jet,5,3,
634,jet,6,2,
634,jet,7,1,
636,photon,0,0,0.0
636,photon,1,1,0.0
636,jet,0,4,
636,jet,1,3,
636,jet,2,0,
637,jet,0,1,
637,jet,1,7,
637,jet,2,5,
637,jet,3,8,
637,jet,4,2,
637,jet,5,4,
637,jet,6,1,
637,jet,7,2,
637,jet,8,1,
637,jet,9,0,
637,jet,10,2,
637,jet,11,1,
637,jet,12,1,
637,jet,13,2,
637,jet,14,0,
637,jet,15,0,
637,jet,16,0,
637,jet,17,0,
638,photon,0,3,0.0
638,jet,0,3,
638,jet,1,0,
638,jet,2,5,
638,jet,3,3,
638,jet,4,1,
638,jet,5,1,
638,jet,6,5,
638,jet,7,0,
638,jet,8,0,
638,jet,9,1,
640,photon,0,1,0.0
640,jet,0,3,
640,jet,1,4,
640,jet,2,2,
640,jet,3,2,
640,jet,4,2,
640,jet,5,1,
640,jet,6,1,
640,jet,7,4,
640,jet,8,0,
640,jet,9,2,
640,jet,10,2,
642,photon,0,1,0.0
642,photon,1,0,0.0
642,jet,0,1,
642,jet,1,10,
642,jet,2,1,
643,photon,0,0,0.0
643,jet,0,5,
643,jet,1,4,
643,jet,2,4,
643,jet,3,3,
643,jet,4,2,
643,jet,5,3,
644,photon,0,0,0.0
644,jet,0,7,
644,jet,1,4,
644,jet,2,0,
644,jet,3,1,
644,jet,4,2,
644,jet,5,2,
644,jet,6,0,
644,jet,7,3,
644,jet,8,0,
645,jet,0,2,
645,jet,1,1,
645,jet,2,3,
645,jet,3,0,
645,jet,4,1,
645,jet,5,1,
646,photon,0,0,0.0
646,photon,1,3,0.0
646,jet,0,6,
646,jet,1,1,
646,jet,2,1,
646,jet,3,1,
646,jet,4,1,
646,jet,5,0,
646,jet,6,3,
647,photon,0,0,0.0
647,jet,0,6,
647,jet,1,5,
647,jet,2,1,
648,photon,0,0,0.0
648,photon,1,1,0.0
648,jet,0,5,
648,jet,1,4,
648,jet,2,5,
648,jet,3,3,
648,jet,4,0,
648,jet,5,1,
648,jet,6,0,
648,jet,7,1,
648,jet,8,3,
648,jet,9,1,
651,photon,0,0,0.0
651,jet,0,5,
651,jet,1,3,
651,jet,2,2,
651,jet,3,0,
651,jet,4,1,
652,photon,0,1,0.0
652,photon,1,1,0.0
652,jet,0,7,
652,jet,1,3,
652,jet,2,2,
654,jet,0,3,
654,jet,1,6,
654,jet,2,3,
654,jet,3,0,
654,jet,4,2,
654,jet,5,3,
654,jet,6,1,
654,jet,7,1,
654,jet,8,1,
654,jet,9,1,
654,jet,10,2,
654,jet,11,0,
654,jet,12,1,
654,jet,13,2,
654,jet,14,1,
655,photon,0,0,0.0
655,jet,0,2,
655,jet,1,7,
655,jet,2,3,
655,jet,3,1,
655,jet,4,2,
655,jet,5,3,
655,jet,6,2,
656,photon,0,2,0.0
656,jet,0,5,
656,jet,1,12,
656,jet,2,0,
656,jet,3,2,
656,jet,4,5,
656,jet,5,1,
656,jet,6,2,
656,jet,7,3,
656,jet,8,1,
656,jet,9,4,
656,jet,10,2,
656,jet,11,2,
656,jet,12,2,
656,jet,13,2,
656,jet,14,0,
658,photon,0,2,0.0
658,jet,0,8,
658,jet,1,1,
658,jet,2,2,
658,jet,3,1,
658,jet,4,4,
658,jet,5,3,
659,photon,0,1,0.0
659,jet,0,10,
659,jet,1,1,
659,jet,2,1,
659,jet,3,2,
660,photon,0,1,0.0
660,jet,0,3,
660,jet,1,2,
660,jet,2,2,
660,jet,3,1,
660,jet,4,2,
661,photon,0,0,0.0
661,jet,0,7,
661,jet,1,2,
661,jet,2,2,
661,jet,3,0,
661,jet,4,5,
661,jet,5,4,
661,jet,6,3,
662,photon,0,0,0.0
662,photon,1,1,0.0
662,jet,0,8,
662,jet,1,4,
662,jet,2,2,
663,jet,0,4,
663,jet,1,7,
663,jet,2,8,
663,jet,3,2,
663,jet,4,3,
663,jet,5,0,
663,jet,6,2,
663,jet,7,1,
663,jet,8,0,
664,jet,0,5,
664,jet,1,0,
664,jet,2,3,
664,jet,3,5,
665,photon,0,2,0.0
665,photon,1,0,0.0
665,jet,0,3,
665,jet,1,4,
665,jet,2,2,
665,jet,3,1,
665,jet,4,0,
666,photon,0,1,0.0
666,jet,0,6,
666,jet,1,0,
666,jet,2,2,
666,jet,3,5,
666,jet,4,0,
666,jet,5,3,
666,jet,6,2,
666,jet,7,2,
667,photon,0,1,0.0
667,photon,1,0,0.0
667,jet,0,5,
667,jet,1,4,
667,jet,2,1,
667,jet,3,1,
668,photon,0,2,0.0
668,jet,0,4,
668,jet,1,4,
668,jet,2,3,
668,jet,3,3,
668,jet,4,5,
668,jet,5,7,
668,jet,6,1,
668,jet,7,2,
669,jet,0,4,
669,jet,1,8,
669,jet,2,3,
669,jet,3,4,
669,jet,4,0,
669,jet,5,0,
669,jet,6,1,
669,jet,7,0,
669,jet,8,0,
669,jet,9,1,
669,jet,10,5,
669,jet,11,2,
669,jet,12,2,
669,jet,13,0,
670,photon,0,0,0.0
670,photon,1,2,0.0
670,jet,0,7,
670,jet,1,4,
670,jet,2,2,
671,photon,0,1,0.0
671,jet,0,3,
671,jet,1,4,
673,photon,0,2,0.0
673,photon,1,1,0.0
673,jet,0,3,
673,jet,1,6,
673,jet,2,3,
674,photon,0,0,0.0
674,jet,0,6,
674,jet,1,1,
674,jet,2,1,
674,jet,3,4,
674,jet,4,2,
674,jet,5,0,
674,jet,6,0,
674,jet,7,0,
675,photon,0,0,0.0
675,jet,0,4,
675,jet,1,1,
675,jet,2,6,
675,jet,3,2,
676,photon,0,0,0.0
676,photon,1,0,0.0
676,jet,0,4,
676,jet,1,4,
676,jet,2,4,
676,jet,3,3,
677,photon,0,0,0.0
677,photon,1,1,0.0
677,jet,0,5,
677,jet,1,1,
677,jet,2,2,
678,photon,0,0,0.0
678,jet,0,1,
678,jet,1,4,
678,jet,2,7,
678,jet,3,2,
678,jet,4,4,
679,jet,0,6,
679,jet,1,11,
679,jet,2,1,
679,jet,3,1,
679,jet,4,0,
679,jet,5,0,
679,jet,6,2,
680,photon,0,0,0.0
680,jet,0,10,
680,jet,1,5,
680,jet,2,0,
680,jet,3,4,
680,jet,4,0,
681,photon,0,2,0.0
681,jet,0,2,
681,jet,1,4,
681,jet,2,3,
681,jet,3,3,
681,jet,4,2,
681,jet,5,0,
682,photon,0,3,0.0
682,photon,1,1,0.0
682,jet,0,11,
682,jet,1,6,
682,jet,2,2,
682,jet,3,1,
682,jet,4,1,
682,jet,5,0,
683,jet,0,10,
683,jet,1,4,
683,jet,2,1,
683,jet,3,0,
683,jet,4,0,
683,jet,5,2,
683,jet,6,1,
683,jet,7,1,
683,jet,8,2,
683,jet,9,0,
683,jet,10,2,
683,jet,11,0,
684,photon,0,0,0.0
684,jet,0,1,
684,jet,1,6,
684,jet,2,4,
684,jet,3,6,
684,jet,4,2,
684,jet,5,3,
684,jet,6,3,
684,jet,7,2,
684,jet,8,1,
684,jet,9,0,
684,jet,10,2,
684,jet,11,1,
684,jet,12,0,
684,jet,13,1,
685,jet,0,2,
685,jet,1,5,
685,jet,2,2,
685,jet,3,4,
685,jet,4,2,
686,photon,0,2,0.0
686,jet,0,4,
686,jet,1,11,
686,jet,2,1,
686,jet,3,3,
687,photon,0,0,0.0
687,jet,0,3,
687,jet,1,3,
687,jet,2,7,
687,jet,3,1,
687,jet,4,2,
688,photon,0,0,0.0
688,jet,0,6,
688,jet,1,4,
688,jet,2,4,
688,jet,3,1,
688,jet,4,2,
688,jet,5,1,
688,jet,6,2,
688,jet,7,2,
688,jet,8,2,
688,jet,9,4,
688,jet,10,4,
688,jet,11,1,
688,jet,12,4,
688,jet,13,0,
688,jet,14,2,
689,photon,0,0,0.0
689,jet,0,6,
689,jet,1,9,
689,jet,2,7,
689,jet,3,5,
689,jet,4,3,
689,jet,5,1,
689,jet,6,3,
689,jet,7,3,
691,photon,0,0,0.0
691,photon,1,1,0.0
691,jet,0,5,
691,jet,1,3,
693,photon,0,1,0.0
693,photon,1,0,0.0
693,jet,0,6,
693,jet,1,6,
693,jet,2,4,
693,jet,3,5,
694,jet,0,3,
694,jet,1,5,
694,jet,2,6,
694,jet,3,5,
694,jet,4,1,
694,jet,5,1,
694,jet,6,5,
694,jet,7,0,
694,jet,8,0,
694,jet,9,2,
694,jet,10,1,
694,jet,11,0,
695,photon,0,3,0.0
695,jet,0,5,
695,jet,1,4,
695,jet,2,3,
695,jet,3,2,
695,jet,4,2,
695,jet,5,0,
695,jet,6,1,
695,jet,7,1,
695,jet,8,2,
695,jet,9,3,
695,jet,10,2,
695,jet,11,2,
695,jet,12,3,
695,jet,13,1,
695,jet,14,2,
695,jet,15,5,
695,jet,16,3,
695,jet,17,2,
695,jet,18,0,
695,jet,19,3,
695,jet,20,0,
695,jet,21,2,
695,jet,22,2,
696,photon,0,1,0.0
696,jet,0,1,
696,jet,1,5,
696,jet,2,4,
696,jet,3,0,
696,jet,4,3,
696,jet,5,3,
696,jet,6,1,
696,jet,7,0,
696,jet,8,1,
696,jet,9,1,
696,jet,10,2,
696,jet,11,2,
696,jet,12,2,
696,jet,13,1,
696,jet,14,1,
696,jet,15,2,
696,jet,16,4,
696,jet,17,0,
696,jet,18,5,
696,jet,19,2,
696,jet,20,1,
697,photon,0,2,0.0
697,jet,0,14,
697,jet,1,3,
697,jet,2,2,
697,jet,3,3,
698,photon,0,1,0.0
698,jet,0,5,
698,jet,1,5,
698,jet,2,7,
698,jet,3,6,
698,jet,4,5,
698,jet,5,2,
698,jet,6,1,
698,jet,7,3,
698,jet,8,1,
700,photon,0,0,0.0
700,jet,0,5,
700,jet,1,5,
700,jet,2,5,
700,jet,3,2,
700,jet,4,2,
700,jet,5,1,
700,jet,6,2,
700,jet,7,0,
700,jet,8,2,
700,jet,9,3,
700,jet,10,3,
701,photon,0,1,0.0
701,jet,0,5,
701,jet,1,2,
701,jet,2,5,
701,jet,3,6,
701,jet,4,0,
701,jet,5,3,
701,jet,6,0,
702,photon,0,0,0.0
702,jet,0,3,
702,jet,1,1,
702,jet,2,1,
702,jet,3,0,
703,jet,0,5,
703,jet,1,7,
703,jet,2,3,
703,jet,3,5,
703,jet,4,2,
703,jet,5,0,
703,jet,6,0,
703,jet,7,4,
703,jet,8,1,
703,jet,9,0,
703,jet,10,2,
703,jet,11,0,
703,jet,12,2,
703,jet,13,2,
704,photon,0,1,0.0
704,photon,1,1,0.0
704,jet,0,9,
704,jet,1,7,
704,jet,2,2,
704,jet,3,5,
704,jet,4,4,
704,jet,5,0,
704,jet,6,3,
704,jet,7,4,
704,jet,8,0,
704,jet,9,1,
704,jet,10,1,
704,jet,11,0,
704,jet,12,1,
704,jet,13,0,
704,jet,14,6,
704,jet,15,1,
705,jet,0,9,
705,jet,1,3,
705,jet,2,1,
705,jet,3,1,
705,jet,4,0,
706,photon,0,0,0.0
706,photon,1,0,0.0
706,jet,0,4,
707,jet,0,2,
707,jet,1,13,
707,jet,2,3,
707,jet,3,2,
707,jet,4,1,
708,photon,0,1,0.0
708,photon,1,0,0.0
708,jet,0,2,
708,jet,1,4,
709,photon,0,2,0.0
709,jet,0,8,
709,jet,1,0,
709,jet,2,0,
709,jet,3,1,
710,photon,0,1,0.0
710,photon,1,1,0.0
710,jet,0,1,
710,jet,1,2,
710,jet,2,0,
710,jet,3,5,
710,jet,4,2,
710,jet,5,1,
711,photon,0,0,0.0
711,photon,1,0,0.0
711,jet,0,3,
711,jet,1,6,
713,photon,0,1,0.0
713,jet,0,5,
713,jet,1,3,
713,jet,2,1,
713,jet,3,3,
715,photon,0,1,0.0
715,jet,0,7,
715,jet,1,10,
715,jet,2,3,
715,jet,3,3,
715,jet,4,2,
715,jet,5,5,
715,jet,6,4,
715,jet,7,0,
715,jet,8,0,
715,jet,9,4,
715,jet,10,2,
715,jet,11,1,
715,jet,12,1,
715,jet,13,0,
716,photon,0,0,0.0
716,jet,0,3,
716,jet,1,6,
716,jet,2,3,
716,jet,3,1,
716,jet,4,3,
718,photon,0,0,0.0
718,jet,0,2,
718,jet,1,3,
718,jet,2,1,
719,photon,0,0,0.0
719,jet,0,9,
719,jet,1,2,
719,jet,2,3,
719,jet,3,1,
719,jet,4,4,
719,jet,5,0,
719,jet,6,1,
719,jet,7,0,
720,photon,0,1,0.0
720,photon,1,2,0.0
720,jet,0,3,
720,jet,1,2,
720,jet,2,4,
720,jet,3,3,
721,photon,0,0,0.0
721,jet,0,7,
721,jet,1,4,
721,jet,2,2,
721,jet,3,3,
722,photon,0,1,0.0
722,photon,1,0,0.0
722,jet,0,5,
722,jet,1,3,
723,photon,0,0,0.0
723,jet,0,2,
723,jet,1,2,
723,jet,2,4,
724,photon,0,0,0.0
724,jet,0,7,
724,jet,1,0,
724,jet,2,5,
724,jet,3,4,
725,photon,0,1,0.0
725,jet,0,6,
725,jet,1,2,
725,jet,2,0,
725,jet,3,1,
725,jet,4,1,
725,jet,5,5,
725,jet,6,1,
725,jet,7,1,
725,jet,8,1,
726,photon,0,0,0.0
726,jet,0,4,
726,jet,1,4,
726,jet,2,2,
727,photon,0,2,0.0
727,jet,0,4,
727,jet,1,3,
728,photon,0,0,0.0
728,jet,0,2,
728,jet,1,3,
728,jet,2,0,
730,photon,0,2,0.0
730,jet,0,0,
730,jet,1,2,
730,jet,2,1,
730,jet,3,4,
730,jet,4,3,
730,jet,5,0,
730,jet,6,2,
731,photon,0,1,0.0
731,jet,0,2,
731,jet,1,4,
731,jet,2,3,
731,jet,3,3,
731,jet,4,0,
733,photon,0,2,0.0
733,jet,0,8,
733,jet,1,4,
733,jet,2,3,
733,jet,3,3,
733,jet,4,1,
733,jet,5,2,
733,jet,6,0,
733,jet,7,1,
733,jet,8,0,
733,jet,9,0,
733,jet,10,1,
733,jet,11,0,
733,jet,12,3,
733,jet,13,2,
733,jet,14,2,
733,jet,15,1,
733,jet,16,3,
733,jet,17,0,
733,jet,18,2,
733,jet,19,1,
733,jet,20,1,
733,jet,21,0,
734,photon,0,1,0.0
734,jet,0,2,
734,jet,1,3,
734,jet,2,0,
734,jet,3,0,
735,photon,0,4,0.0
735,jet,0,5,
735,jet,1,8,
735,jet,2,1,
735,jet,3,2,
735,jet,4,1,
735,jet,5,1,
735,jet,6,2,
735,jet,7,4,
735,jet,8,2,
736,photon,0,1,0.0
736,photon,1,0,0.0
736,jet,0,8,
736,jet,1,3,
736,jet,2,2,
737,photon,0,0,0.0
737,photon,1,1,0.0
737,jet,0,8,
737,jet,1,6,
737,jet,2,0,
737,jet,3,3,
737,jet,4,2,
738,photon,0,0,0.0
738,photon,1,0,0.0
738,jet,0,2,
739,photon,0,1,0.0
739,jet,0,9,
739,jet,1,3,
739,jet,2,2,
739,jet,3,3,
739,jet,4,3,
739,jet,5,1,
739,jet,6,0,
739,jet,7,1,
739,jet,8,4,
739,jet,9,2,
739,jet,10,0,
739,jet,11,1,
739,jet,12,2,
739,jet,13,1,
739,jet,14,2,
739,jet,15,2,
740,photon,0,1,0.0
740,jet,0,6,
740,jet,1,4,
740,jet,2,0,
740,jet,3,3,
741,jet,0,3,
741,jet,1,2,
741,jet,2,4,
741,jet,3,1,
741,jet,4,6,
741,jet,5,2,
742,photon,0,1,0.0
742,jet,0,5,
742,jet,1,4,
742,jet,2,1,
742,jet,3,7,
742,jet,4,2,
742,jet,5,2,
742,jet,6,1,
742,jet,7,0,
742,jet,8,2,
742,jet,9,0,
742,jet,10,0,
742,jet,11,2,
742,jet,12,1,
742,jet,13,0,
742,jet,14,2,
742,jet,15,0,
743,photon,0,2,0.0
743,photon,1,0,0.0
743,jet,0,8,
743,jet,1,2,
744,photon,0,1,0.0
744,photon,1,0,0.0
744,jet,0,5,
744,jet,1,3,
744,jet,2,1,
744,jet,3,4,
745,photon,0,0,0.0
745,jet,0,2,
745,jet,1,8,
745,jet,2,6,
745,jet,3,0,
745,jet,4,1,
745,jet,5,5,
746,photon,0,0,0.0
746,jet,0,7,
746,jet,1,4,
746,jet,2,4,
747,photon,0,3,0.0
747,photon,1,1,0.0
747,jet,0,11,
747,jet,1,6,
747,jet,2,2,
747,jet,3,4,
747,jet,4,2,
747,jet,5,1,
747,jet,6,1,
747,jet,7,0,
747,jet,8,4,
749,photon,0,0,0.0
749,photon,1,0,0.0
749,jet,0,8,
750,photon,0,0,0.0
750,photon,1,1,0.0
750,jet,0,7,
750,jet,1,4,
750,jet,2,1,
750,jet,3,1,
751,jet,0,4,
751,jet,1,1,
751,jet,2,4,
751,jet,3,0,
752,photon,0,1,0.0
752,jet,0,6,
752,jet,1,3,
752,jet,2,7,
752,jet,3,4,
752,jet,4,4,
752,jet,5,5,
752,jet,6,1,
753,photon,0,0,0.0
753,jet,0,3,
753,jet,1,1,
753,jet,2,0,
754,photon,0,0,0.0
754,jet,0,3,
754,jet,1,9,
754,jet,2,9,
754,jet,3,0,
754,jet,4,7,
754,jet,5,0,
755,photon,0,1,0.0
755,jet,0,4,
755,jet,1,3,
755,jet,2,2,
755,jet,3,0,
756,photon,0,0,0.0
756,photon,1,1,0.0
756,jet,0,0,
756,jet,1,3,
756,jet,2,3,
756,jet,3,1,
757,photon,0,3,0.0
757,jet,0,5,
757,jet,1,2,
757,jet,2,4,
757,jet,3,3,
758,jet,0,3,
758,jet,1,6,
758,jet,2,1,
758,jet,3,4,
758,jet,4,1,
758,jet,5,3,
759,photon,0,2,0.0
759,jet,0,2,
759,jet,1,3,
759,jet,2,7,
759,jet,3,7,
759,jet,4,1,
759,jet,5,3,
759,jet,6,1,
759,jet,7,0,
760,photon,0,4,0.0
760,jet,0,5,
760,jet,1,4,
760,jet,2,1,
760,jet,3,4,
760,jet,4,4,
760,jet,5,2,
760,jet,6,1,
760,jet,7,2,
760,jet,8,2,
760,jet,9,2,
760,jet,10,0,
760,jet,11,0,
760,jet,12,1,
760,jet,13,3,
760,jet,14,0,
760,jet,15,0,
760,jet,16,6,
760,jet,17,2,
760,jet,18,2,
760,jet,19,4,
760,jet,20,1,
760,jet,21,2,
760,jet,22,1,
760,jet,23,2,
760,jet,24,2,
760,jet,25,3,
760,jet,26,1,
760,jet,27,2,
760,jet,28,1,
761,jet,0,3,
761,jet,1,7,
761,jet,2,10,
761,jet,3,0,
762,photon,0,0,0.0
762,photon,1,1,0.0
762,jet,0,1,
762,jet,1,0,
763,photon,0,1,0.0
763,jet,0,1,
763,jet,1,8,
763,jet,2,1,
764,photon,0,0,0.0
764,photon,1,4,0.0
764,jet,0,5,
764,jet,1,1,
764,jet,2,0,
764,jet,3,4,
764,jet,4,1,
766,jet,0,2,
766,jet,1,6,
766,jet,2,2,
766,jet,3,5,
766,jet,4,5,
766,jet,5,1,
766,jet,6,0,
767,photon,0,1,0.0
767,photon,1,2,0.0
767,jet,0,9,
767,jet,1,10,
767,jet,2,8,
767,jet,3,4,
767,jet,4,5,
767,jet,5,5,
767,jet,6,2,
767,jet,7,0,
768,jet,0,2,
768,jet,1,3,
768,jet,2,3,
768,jet,3,0,
768,jet,4,0,
769,photon,0,1,0.0
769,photon,1,1,0.0
769,jet,0,3,
769,jet,1,1,
769,jet,2,1,
769,jet,3,0,
769,jet,4,1,
770,photon,0,1,0.0
770,jet,0,3,
770,jet,1,1,
770,jet,2,2,
770,jet,3,0,
770,jet,4,2,
770,jet,5,0,
771,photon,0,4,0.0
771,jet,0,8,
771,jet,1,6,
771,jet,2,1,
771,jet,3,7,
771,jet,4,1,
772,photon,0,0,0.0
772,photon,1,0,0.0
772,jet,0,9,
772,jet,1,6,
772,jet,2,4,
772,jet,3,4,
773,photon,0,0,0.0
773,photon,1,0,0.0
773,jet,0,9,
773,jet,1,1,
773,jet,2,0,
773,jet,3,3,
773,jet,4,0,
773,jet,5,1,
773,jet,6,0,
773,jet,7,1,
775,photon,0,3,0.0
775,jet,0,3,
775,jet,1,0,
775,jet,2,1,
775,jet,3,2,
776,photon,0,0,0.0
776,jet,0,4,
776,jet,1,9,
776,jet,2,1,
776,jet,3,1,
777,photon,0,0,0.0
777,jet,0,4,
777,jet,1,4,
777,jet,2,0,
777,jet,3,0,
777,jet,4,2,
777,jet,5,1,
777,jet,6,3,
777,jet,7,2,
777,jet,8,0,
778,photon,0,1,0.0
778,jet,0,2,
778,jet,1,3,
778,jet,2,2,
778,jet,3,3,
778,jet,4,1,
778,jet,5,1,
778,jet,6,1,
778,jet,7,2,
779,photon,0,1,0.0
779,photon,1,0,0.0
779,jet,0,11,
779,jet,1,12,
779,jet,2,2,
779,jet,3,1,
779,jet,4,1,
779,jet,5,3,
779,jet,6,4,
779,jet,7,4,
779,jet,8,2,
779,jet,9,1,
779,jet,10,1,
779,jet,11,4,
779,jet,12,2,
780,photon,0,0,0.0
780,jet,0,2,
780,jet,1,5,
780,jet,2,4,
780,jet,3,1,
780,jet,4,4,
780,jet,5,3,
780,jet,6,1,
781,photon,0,2,0.0
781,photon,1,1,0.0
781,jet,0,3,
781,jet,1,1,
781,jet,2,2,
781,jet,3,1,
781,jet,4,0,
781,jet,5,2,
781,jet,6,4,
781,jet,7,3,
781,jet,8,1,
781,jet,9,0,
782,photon,0,3,0.0
782,jet,0,2,
783,photon,0,4,0.0
783,jet,0,2,
783,jet,1,2,
783,jet,2,4,
783,jet,3,0,
783,jet,4,1,
783,jet,5,2,
783,jet,6,3,
783,jet,7,0,
783,jet,8,1,
783,jet,9,1,
783,jet,10,1,
783,jet,11,0,
784,jet,0,7,
784,jet,1,8,
784,jet,2,9,
784,jet,3,9,
784,jet,4,2,
785,photon,0,1,0.0
785,jet,0,10,
785,jet,1,0,
785,jet,2,3,
785,jet,3,2,
786,photon,0,1,0.0
786,jet,0,2,
786,jet,1,5,
786,jet,2,4,
786,jet,3,0,
787,photon,0,0,0.0
787,jet,0,5,
787,jet,1,5,
787,jet,2,2,
787,jet,3,2,
787,jet,4,1,
787,jet,5,2,
788,photon,0,0,0.0
788,jet,0,3,
788,jet,1,1,
788,jet,2,0,
788,jet,3,4,
788,jet,4,1,
788,jet,5,2,
788,jet,6,0,
788,jet,7,1,
788,jet,8,0,
789,jet,0,4,
789,jet,1,6,
789,jet,2,4,
789,jet,3,4,
789,jet,4,1,
789,jet,5,2,
789,jet,6,0,
790,photon,0,2,0.0
790,photon,1,1,0.0
790,jet,0,8,
790,jet,1,5,
790,jet,2,6,
790,jet,3,4,
790,jet,4,0,
790,jet,5,3,
790,jet,6,6,
790,jet,7,5,
792,photon,0,0,0.0
792,jet,0,4,
792,jet,1,6,
792,jet,2,3,
792,jet,3,3,
792,jet,4,3,
792,jet,5,2,
792,jet,6,3,
792,jet,7,2,
792,jet,8,1,
793,photon,0,0,0.0
793,photon,1,3,0.0
793,jet,0,9,
793,jet,1,11,
793,jet,2,4,
793,jet,3,6,
794,photon,0,4,0.0
794,jet,0,11,
794,jet,1,5,
794,jet,2,6,
794,jet,3,3,
794,jet,4,1,
794,jet,5,2,
795,photon,0,2,0.0
795,jet,0,11,
795,jet,1,5,
795,jet,2,2,
795,jet,3,2,
795,jet,4,4,
795,jet,5,1,
795,jet,6,2,
795,jet,7,1,
796,photon,0,4,0.0
796,jet,0,2,
796,jet,1,1,
796,jet,2,0,
796,jet,3,3,
796,jet,4,2,
796,jet,5,1,
796,jet,6,3,
796,jet,7,2,
796,jet,8,2,
796,jet,9,0,
797,photon,0,1,0.0
797,jet,0,6,
797,jet,1,4,
797,jet,2,1,
797,jet,3,0,
797,jet,4,3,
797,jet,5,0,
797,jet,6,1,
797,jet,7,2,
797,jet,8,0,
797,jet,9,1,
797,jet,10,1,
797,jet,11,0,
797,jet,12,0,
797,jet,13,1,
798,photon,0,1,0.0
798,jet,0,0,
798,jet,1,2,
798,jet,2,1,
799,photon,0,0,0.0
799,jet,0,2,
799,jet,1,1,
799,jet,2,2,
799,jet,3,5,
800,photon,0,1,0.0
800,jet,0,2,
800,jet,1,5,
800,jet,2,4,
800,jet,3,3,
800,jet,4,1,
800,jet,5,4,
800,jet,6,3,
800,jet,7,1,
800,jet,8,0,
800,jet,9,0,
800,jet,10,1,
800,jet,11,1,
800,jet,12,3,
800,jet,13,2,
800,jet,14,0,
800,jet,15,1,
800,jet,16,0,
800,jet,17,1,
800,jet,18,2,
800,jet,19,1,
803,photon,0,1,0.0
803,jet,0,7,
803,jet,1,2,
803,jet,2,5,
803,jet,3,0,
803,jet,4,1,
803,jet,5,4,
803,jet,6,3,
803,jet,7,0,
803,jet,8,0,
803,jet,9,3,
803,jet,10,1,
803,jet,11,2,
803,jet,12,0,
803,jet,13,1,
803,jet,14,1,
803,jet,15,2,
803,jet,16,1,
803,jet,17,2,
803,jet,18,1,
804,photon,0,0,0.0
804,jet,0,6,
804,jet,1,2,
804,jet,2,1,
804,jet,3,0,
804,jet,4,1,
804,jet,5,7,
805,photon,0,3,0.0
805,photon,1,0,0.0
805,jet,0,12,
805,jet,1,6,
805,jet,2,2,
805,jet,3,2,
805,jet,4,2,
806,photon,0,0,0.0
806,jet,0,10,
806,jet,1,0,
806,jet,2,1,
806,jet,3,3,
806,jet,4,2,
806,jet,5,0,
806,jet,6,1,
806,jet,7,1,
806,jet,8,1,
809,photon,0,0,0.0
809,jet,0,2,
809,jet,1,2,
809,jet,2,1,
809,jet,3,0,
809,jet,4,1,
810,jet,0,7,
810,jet,1,6,
810,jet,2,4,
810,jet,3,3,
810,jet,4,1,
811,photon,0,1,0.0
811,jet,0,8,
811,jet,1,3,
811,jet,2,2,
811,jet,3,0,
812,photon,0,1,0.0
812,jet,0,5,
812,jet,1,5,
812,jet,2,2,
812,jet,3,0,
812,jet,4,0,
813,jet,0,2,
813,jet,1,4,
813,jet,2,5,
813,jet,3,1,
813,jet,4,1,
813,jet,5,0,
813,jet,6,0,
814,photon,0,1,0.0
814,photon,1,0,0.0
814,jet,0,6,
814,jet,1,4,
814,jet,2,4,
814,jet,3,2,
814,jet,4,3,
814,jet,5,2,
815,photon,0,0,0.0
815,photon,1,1,0.0
815,jet,0,10,
815,jet,1,2,
815,jet,2,1,
815,jet,3,0,
815,jet,4,3,
815,jet,5,1,
815,jet,6,0,
815,jet,7,1,
815,jet,8,0,
815,jet,9,2,
815,jet,10,2,
815,jet,11,1,
815,jet,12,0,
815,jet,13,3,
816,photon,0,1,0.0
816,jet,0,2,
816,jet,1,6,
816,jet,2,1,
816,jet,3,3,
816,jet,4,3,
816,jet,5,2,
816,jet,6,0,
816,jet,7,0,
816,jet,8,3,
816,jet,9,1,
816,jet,10,0,
816,jet,11,2,
816,jet,12,3,
817,photon,0,0,0.0
817,jet,0,6,
817,jet,1,3,
817,jet,2,7,
817,jet,3,4,
817,jet,4,0,
817,jet,5,2,
817,jet,6,0,
817,jet,7,1,
817,jet,8,2,
820,photon,0,0,0.0
820,jet,0,10,
820,jet,1,2,
820,jet,2,1,
820,jet,3,1,
820,jet,4,2,
820,jet,5,0,
822,photon,0,0,0.0
822,jet,0,5,
822,jet,1,2,
822,jet,2,2,
822,jet,3,1,
822,jet,4,0,
823,jet,0,1,
823,jet,1,4,
823,jet,2,1,
823,jet,3,2,
823,jet,4,3,
824,photon,0,1,0.0
824,jet,0,6,
824,jet,1,6,
824,jet,2,2,
824,jet,3,2,
824,jet,4,2,
824,jet,5,1,
824,jet,6,3,
824,jet,7,2,
824,jet,8,1,
825,photon,0,0,0.0
825,jet,0,2,
825,jet,1,8,
825,jet,2,2,
825,jet,3,0,
826,photon,0,1,0.0
826,photon,1,0,0.0
826,jet,0,3,
826,jet,1,2,
826,jet,2,1,
826,jet,3,3,
827,photon,0,1,0.0
827,photon,1,1,0.0
827,jet,0,3,
827,jet,1,5,
827,jet,2,3,
828,photon,0,1,0.0
828,jet,0,6,
828,jet,1,2,
828,jet,2,5,
828,jet,3,4,
828,jet,4,3,
828,jet,5,4,
828,jet,6,1,
828,jet,7,2,
828,jet,8,3,
828,jet,9,3,
829,jet,0,3,
829,jet,1,4,
829,jet,2,2,
829,jet,3,5,
829,jet,4,2,
829,jet,5,2,
829,jet,6,2,
829,jet,7,1,
829,jet,8,3,
829,jet,9,3,
829,jet,10,1,
830,photon,0,3,0.0
830,jet,0,3,
830,jet,1,8,
830,jet,2,8,
830,jet,3,0,
830,jet,4,1,
830,jet,5,2,
830,jet,6,4,
832,photon,0,1,0.0
832,photon,1,0,0.0
832,jet,0,7,
832,jet,1,0,
832,jet,2,4,
833,photon,0,1,0.0
833,photon,1,0,0.0
833,jet,0,8,
833,jet,1,7,
833,jet,2,3,
833,jet,3,1,
834,photon,0,0,0.0
834,jet,0,17,
834,jet,1,5,
834,jet,2,0,
834,jet,3,0,
834,jet,4,4,
835,jet,0,2,
835,jet,1,11,
835,jet,2,2,
835,jet,3,1,
835,jet,4,0,
835,jet,5,0,
835,jet,6,0,
835,jet,7,0,
836,photon,0,0,0.0
836,photon,1,1,0.0
836,jet,0,8,
836,jet,1,1,
836,jet,2,1,
836,jet,3,0,
837,photon,0,0,0.0
837,photon,1,2,0.0
837,jet,0,4,
837,jet,1,3,
837,jet,2,1,
837,jet,3,4,
837,jet,4,3,
837,jet,5,1,
838,jet,0,5,
838,jet,1,4,
838,jet,2,1,
838,jet,3,3,
838,jet,4,2,
838,jet,5,2,
838,jet,6,0,
838,jet,7,0,
838,jet,8,0,
838,jet,9,0,
838,jet,10,0,
838,jet,11,0,
838,jet,12,0,
839,photon,0,1,0.0
839,photon,1,6,0.0
839,jet,0,1,
839,jet,1,3,
839,jet,2,4,
839,jet,3,4,
839,jet,4,0,
840,photon,0,1,0.0
840,photon,1,2,0.0
840,jet,0,3,
840,jet,1,2,
840,jet,2,6,
840,jet,3,1,
840,jet,4,0,
840,jet,5,2,
841,photon,0,1,0.0
841,photon,1,0,0.0
841,jet,0,4,
841,jet,1,3,
841,jet,2,1,
841,jet,3,1,
841,jet,4,1,
841,jet,5,3,
841,jet,6,2,
841,jet,7,0,
841,jet,8,0,
841,jet,9,3,
841,jet,10,3,
841,jet,11,5,
841,jet,12,1,
841,jet,13,1,
842,photon,0,1,0.0
842,photon,1,2,0.0
842,jet,0,3,
842,jet,1,4,
842,jet,2,4,
842,jet,3,2,
842,jet,4,1,
842,jet,5,3,
842,jet,6,0,
842,jet,7,1,
842,jet,8,1,
842,jet,9,1,
842,jet,10,4,
842,jet,11,1,
843,photon,0,0,0.0
843,jet,0,5,
843,jet,1,5,
843,jet,2,3,
843,jet,3,1,
843,jet,4,0,
843,jet,5,0,
843,jet,6,0,
844,photon,0,0,0.0
844,jet,0,11,
844,jet,1,1,
844,jet,2,5,
844,jet,3,3,
844,jet,4,6,
844,jet,5,0,
844,jet,6,0,
844,jet,7,2,
845,photon,0,2,0.0
845,photon,1,0,0.0
845,jet,0,7,
845,jet,1,5,
845,jet,2,3,
845,jet,3,4,
845,jet,4,1,
845,jet,5,0,
846,photon,0,0,0.0
846,photon,1,1,0.0
846,jet,0,10,
846,jet,1,3,
846,jet,2,0,
847,photon,0,1,0.0
847,jet,0,3,
847,jet,1,4,
847,jet,2,1,
848,photon,0,1,0.0
848,jet,0,3,
848,jet,1,0,
848,jet,2,1,
848,jet,3,1,
848,jet,4,0,
848,jet,5,2,
848,jet,6,3,
848,jet,7,0,
849,jet,0,3,
849,jet,1,3,
849,jet,2,0,
849,jet,3,3,
850,jet,0,10,
850,jet,1,4,
850,jet,2,2,
850,jet,3,1,
850,jet,4,1,
850,jet,5,0,
850,jet,6,1,
850,jet,7,2,
850,jet,8,2,
850,jet,9,1,
850,jet,10,4,
850,jet,11,1,
850,jet,12,0,
850,jet,13,0,
850,jet,14,1,
851,photon,0,1,0.0
851,jet,0,6,
851,jet,1,9,
851,jet,2,4,
851,jet,3,0,
851,jet,4,2,
853,photon,0,1,0.0
853,jet,0,2,
853,jet,1,6,
853,jet,2,8,
853,jet,3,2,
853,jet,4,2,
853,jet,5,1,
853,jet,6,1,
853,jet,7,2,
853,jet,8,2,
854,jet,0,1,
854,jet,1,1,
854,jet,2,3,
854,jet,3,3,
854,jet,4,0,
854,jet,5,1,
855,photon,0,1,0.0
855,jet,0,5,
855,jet,1,1,
855,jet,2,1,
855,jet,3,0,
856,photon,0,0,0.0
856,jet,0,2,
856,jet,1,2,
856,jet,2,1,
856,jet,3,1,
856,jet,4,2,
856,jet,5,0,
857,photon,0,0,0.0
857,jet,0,8,
857,jet,1,4,
857,jet,2,2,
857,jet,3,4,
857,jet,4,3,
857,jet,5,3,
857,jet,6,1,
859,photon,0,0,0.0
859,jet,0,5,
859,jet,1,2,
859,jet,2,1,
859,jet,3,2,
860,photon,0,2,0.0
860,jet,0,5,
860,jet,1,1,
860,jet,2,2,
860,jet,3,3,
860,jet,4,2,
862,jet,0,6,
862,jet,1,2,
862,jet,2,4,
862,jet,3,2,
862,jet,4,0,
862,jet,5,0,
862,jet,6,0,
862,jet,7,1,
862,jet,8,0,
862,jet,9,1,
862,jet,10,2,
862,jet,11,2,
862,jet,12,3,
862,jet,13,2,
862,jet,14,0,
862,jet,15,0,
862,jet,16,1,
863,photon,0,3,0.0
863,jet,0,5,
863,jet,1,1,
863,jet,2,2,
864,photon,0,2,0.0
864,jet,0,9,
864,jet,1,3,
864,jet,2,4,
864,jet,3,5,
864,jet,4,3,
864,jet,5,0,
865,jet,0,2,
865,jet,1,4,
865,jet,2,2,
865,jet,3,2,
865,jet,4,1,
866,photon,0,0,0.0
866,photon,1,1,0.0
866,jet,0,4,
866,jet,1,5,
866,jet,2,9,
866,jet,3,3,
866,jet,4,1,
866,jet,5,0,
866,jet,6,1,
866,jet,7,1,
866,jet,8,0,
866,jet,9,0,
866,jet,10,0,
867,photon,0,1,0.0
867,photon,1,2,0.0
867,jet,0,2,
867,jet,1,2,
867,jet,2,2,
868,photon,0,1,0.0
868,jet,0,4,
868,jet,1,8,
868,jet,2,2,
868,jet,3,3,
869,photon,0,2,0.0
869,photon,1,2,0.0
869,jet,0,10,
869,jet,1,1,
869,jet,2,4,
869,jet,3,5,
869,jet,4,1,
869,jet,5,1,
869,jet,6,2,
869,jet,7,0,
869,jet,8,0,
869,jet,9,2,
869,jet,10,1,
870,photon,0,2,0.0
870,jet,0,3,
870,jet,1,4,
870,jet,2,0,
870,jet,3,4,
870,jet,4,2,
870,jet,5,1,
870,jet,6,0,
870,jet,7,0,
870,jet,8,2,
870,jet,9,0,
870,jet,10,1,
870,jet,11,0,
870,jet,12,1,
872,photon,0,1,0.0
872,jet,0,7,
872,jet,1,3,
873,photon,0,0,0.0
873,photon,1,1,0.0
873,jet,0,6,
873,jet,1,5,
873,jet,2,2,
873,jet,3,0,
874,photon,0,1,0.0
874,photon,1,1,0.0
874,jet,0,10,
874,jet,1,1,
874,jet,2,2,
875,photon,0,1,0.0
875,jet,0,0,
875,jet,1,6,
875,jet,2,4,
876,jet,0,7,
876,jet,1,1,
876,jet,2,1,
876,jet,3,3,
876,jet,4,1,
876,jet,5,2,
876,jet,6,0,
876,jet,7,0,
877,photon,0,1,0.0
877,photon,1,2,0.0
877,jet,0,7,
877,jet,1,6,
877,jet,2,5,
877,jet,3,4,
877,jet,4,1,
877,jet,5,0,
877,jet,6,0,
877,jet,7,0,
877,jet,8,2,
877,jet,9,1,
877,jet,10,0,
878,photon,0,0,0.0
878,photon,1,2,0.0
878,jet,0,4,
878,jet,1,4,
878,jet,2,3,
878,jet,3,2,
878,jet,4,2,
879,photon,0,2,0.0
879,photon,1,0,0.0
879,jet,0,4,
879,jet,1,3,
879,jet,2,0,
879,jet,3,1,
879,jet,4,0,
880,jet,0,2,
880,jet,1,8,
880,jet,2,3,
880,jet,3,1,
880,jet,4,3,
880,jet,5,3,
880,jet,6,1,
880,jet,7,0,
880,jet,8,2,
880,jet,9,2,
880,jet,10,0,
880,jet,11,0,
880,jet,12,3,
880,jet,13,1,
880,jet,14,0,
881,photon,0,2,0.0
881,photon,1,2,0.0
881,jet,0,6,
881,jet,1,4,
881,jet,2,0,
881,jet,3,0,
881,jet,4,0,
881,jet,5,4,
881,jet,6,4,
882,photon,0,1,0.0
882,jet,0,5,
882,jet,1,9,
882,jet,2,6,
882,jet,3,10,
882,jet,4,2,
882,jet,5,0,
883,photon,0,0,0.0
883,jet,0,7,
883,jet,1,2,
883,jet,2,2,
884,photon,0,1,0.0
884,photon,1,0,0.0
884,jet,0,0,
884,jet,1,2,
885,photon,0,0,0.0
885,photon,1,0,0.0
885,jet,0,2,
885,jet,1,1,
886,photon,0,1,0.0
886,jet,0,6,
886,jet,1,4,
886,jet,2,3,
886,jet,3,3,
886,jet,4,0,
886,jet,5,0,
886,jet,6,6,
887,photon,0,0,0.0
887,jet,0,4,
887,jet,1,2,
888,photon,0,1,0.0
888,jet,0,2,
888,jet,1,6,
888,jet,2,0,
888,jet,3,0,
888,jet,4,1,
888,jet,5,2,
889,photon,0,2,0.0
889,photon,1,0,0.0
889,jet,0,9,
890,photon,0,3,0.0
890,jet,0,5,
890,jet,1,3,
890,jet,2,2,
890,jet,3,3,
890,jet,4,4,
890,jet,5,2,
890,jet,6,1,
890,jet,7,2,
890,jet,8,2,
890,jet,9,3,
890,jet,10,2,
890,jet,11,0,
890,jet,12,1,
891,photon,0,0,0.0
891,photon,1,0,0.0
891,jet,0,7,
891,jet,1,3,
891,jet,2,0,
891,jet,3,0,
891,jet,4,1,
891,jet,5,0,
891,jet,6,0,
892,jet,0,2,
892,jet,1,11,
892,jet,2,1,
892,jet,3,6,
892,jet,4,3,
892,jet,5,1,
893,photon,0,2,0.0
893,jet,0,4,
893,jet,1,0,
893,jet,2,1,
893,jet,3,3,
893,jet,4,0,
893,jet,5,0,
893,jet,6,4,
893,jet,7,2,
893,jet,8,0,
893,jet,9,1,
893,jet,10,1,
894,photon,0,1,0.0
894,jet,0,8,
894,jet,1,4,
894,jet,2,7,
894,jet,3,3,
894,jet,4,1,
894,jet,5,3,
894,jet,6,4,
895,photon,0,1,0.0
895,jet,0,5,
895,jet,1,7,
895,jet,2,5,
895,jet,3,0,
895,jet,4,0,
895,jet,5,0,
895,jet,6,2,
895,jet,7,1,
896,photon,0,0,0.0
896,jet,0,15,
896,jet,1,5,
896,jet,2,4,
896,jet,3,11,
896,jet,4,8,
896,jet,5,3,
896,jet,6,0,
896,jet,7,2,
896,jet,8,2,
896,jet,9,2,
897,photon,0,1,0.0
897,photon,1,1,0.0
897,jet,0,6,
897,jet,1,6,
897,jet,2,3,
897,jet,3,1,
898,photon,0,3,0.0
898,photon,1,0,0.0
898,jet,0,4,
898,jet,1,1,
898,jet,2,9,
898,jet,3,3,
900,jet,0,6,
900,jet,1,5,
900,jet,2,5,
900,jet,3,4,
900,jet,4,1,
900,jet,5,2,
900,jet,6,2,
900,jet,7,0,
901,photon,0,0,0.0
901,jet,0,2,
901,jet,1,2,
901,jet,2,3,
901,jet,3,4,
901,jet,4,3,
901,jet,5,1,
901,jet,6,3,
902,photon,0,0,0.0
902,jet,0,7,
902,jet,1,2,
902,jet,2,3,
902,jet,3,0,
902,jet,4,0,
902,jet,5,1,
903,photon,0,0,0.0
903,photon,1,0,0.0
903,jet,0,2,
903,jet,1,1,
904,photon,0,1,0.0
904,jet,0,13,
904,jet,1,3,
904,jet,2,2,
904,jet,3,0,
905,jet,0,3,
905,jet,1,10,
905,jet,2,0,
905,jet,3,3,
905,jet,4,2,
905,jet,5,3,
905,jet,6,0,
905,jet,7,1,
905,jet,8,0,
905,jet,9,2,
906,photon,0,0,0.0
906,photon,1,0,0.0
906,jet,0,21,
906,jet,1,2,
906,jet,2,5,
906,jet,3,5,
906,jet,4,3,
906,jet,5,3,
906,jet,6,3,
906,jet,7,0,
906,jet,8,2,
906,jet,9,5,
906,jet,10,2,
906,jet,11,1,
906,jet,12,2,
906,jet,13,1,
907,jet,0,4,
907,jet,1,6,
907,jet,2,6,
907,jet,3,2,
907,jet,4,4,
907,jet,5,0,
907,jet,6,0,
908,jet,0,3,
908,jet,1,7,
908,jet,2,1,
908,jet,3,5,
908,jet,4,6,
908,jet,5,1,
908,jet,6,0,
910,photon,0,0,0.0
910,photon,1,1,0.0
910,jet,0,9,
910,jet,1,7,
911,photon,0,1,0.0
911,jet,0,5,
911,jet,1,3,
911,jet,2,1,
912,photon,0,0,0.0
912,jet,0,2,
912,jet,1,7,
912,jet,2,0,
912,jet,3,1,
913,photon,0,0,0.0
913,photon,1,0,0.0
913,jet,0,4,
913,jet,1,4,
913,jet,2,0,
913,jet,3,3,
914,jet,0,3,
914,jet,1,9,
914,jet,2,6,
914,jet,3,2,
914,jet,4,4,
914,jet,5,2,
915,photon,0,1,0.0
915,jet,0,10,
915,jet,1,4,
915,jet,2,2,
915,jet,3,1,
915,jet,4,3,
915,jet,5,1,
915,jet,6,2,
915,jet,7,0,
915,jet,8,1,
916,jet,0,5,
916,jet,1,3,
916,jet,2,4,
916,jet,3,1,
916,jet,4,1,
916,jet,5,1,
918,photon,0,2,0.0
918,jet,0,2,
918,jet,1,8,
919,photon,0,0,0.0
919,jet,0,2,
919,jet,1,2,
919,jet,2,6,
919,jet,3,2,
920,photon,0,0,0.0
920,jet,0,2,
920,jet,1,1,
920,jet,2,2,
920,jet,3,2,
920,jet,4,2,
921,photon,0,0,0.0
921,jet,0,4,
921,jet,1,4,
921,jet,2,4,
921,jet,3,1,
921,jet,4,0,
922,photon,0,0,0.0
922,photon,1,2,0.0
922,jet,0,6,
922,jet,1,7,
922,jet,2,3,
922,jet,3,4,
922,jet,4,2,
922,jet,5,1,
923,photon,0,2,0.0
923,photon,1,0,0.0
923,jet,0,9,
923,jet,1,3,
923,jet,2,1,
923,jet,3,2,
924,photon,0,0,0.0
924,jet,0,15,
924,jet,1,4,
924,jet,2,4,
924,jet,3,4,
924,jet,4,3,
924,jet,5,0,
924,jet,6,2,
924,jet,7,1,
925,photon,0,2,0.0
925,jet,0,9,
925,jet,1,6,
925,jet,2,6,
926,photon,0,1,0.0
926,photon,1,0,0.0
926,jet,0,4,
926,jet,1,5,
926,jet,2,1,
926,jet,3,3,
927,photon,0,0,0.0
927,jet,0,7,
927,jet,1,6,
927,jet,2,6,
927,jet,3,0,
927,jet,4,0,
928,photon,0,0,0.0
928,jet,0,4,
928,jet,1,0,
928,jet,2,2,
928,jet,3,2,
928,jet,4,0,
929,photon,0,3,0.0
929,photon,1,3,0.0
929,jet,0,4,
929,jet,1,4,
929,jet,2,4,
929,jet,3,0,
930,photon,0,2,0.0
930,jet,0,4,
930,jet,1,10,
930,jet,2,4,
930,jet,3,2,
930,jet,4,2,
930,jet,5,1,
931,jet,0,1,
931,jet,1,6,
931,jet,2,5,
931,jet,3,0,
931,jet,4,2,
933,jet,0,3,
933,jet,1,11,
933,jet,2,2,
933,jet,3,2,
933,jet,4,3,
933,jet,5,1,
933,jet,6,5,
933,jet,7,3,
933,jet,8,1,
933,jet,9,1,
933,jet,10,1,
934,photon,0,2,0.0
934,jet,0,6,
934,jet,1,4,
934,jet,2,3,
934,jet,3,3,
934,jet,4,1,
934,jet,5,3,
935,photon,0,2,0.0
935,jet,0,1,
935,jet,1,8,
935,jet,2,4,
935,jet,3,2,
935,jet,4,1,
935,jet,5,0,
935,jet,6,1,
935,jet,7,0,
935,jet,8,4,
935,jet,9,3,
935,jet,10,1,
935,jet,11,1,
935,jet,12,2,
935,jet,13,1,
935,jet,14,1,
936,photon,0,0,0.0
936,jet,0,8,
936,jet,1,2,
937,photon,0,0,0.0
937,jet,0,9,
937,jet,1,8,
937,jet,2,4,
937,jet,3,1,
937,jet,4,6,
937,jet,5,0,
937,jet,6,2,
939,photon,0,3,0.0
939,photon,1,0,0.0
939,jet,0,9,
939,jet,1,4,
939,jet,2,0,
939,jet,3,1,
940,jet,0,0,
940,jet,1,3,
940,jet,2,4,
940,jet,3,3,
940,jet,4,4,
940,jet,5,3,
941,photon,0,0,0.0
941,jet,0,8,
941,jet,1,1,
941,jet,2,0,
941,jet,3,1,
942,photon,0,0,0.0
942,jet,0,4,
942,jet,1,5,
942,jet,2,3,
942,jet,3,0,
942,jet,4,1,
943,photon,0,0,0.0
943,photon,1,0,0.0
943,jet,0,7,
943,jet,1,5,
943,jet,2,1,
943,jet,3,0,
943,jet,4,3,
943,jet,5,1,
944,photon,0,0,0.0
944,jet,0,0,
944,jet,1,0,
944,jet,2,1,
945,photon,0,0,0.0
945,photon,1,1,0.0
945,jet,0,8,
945,jet,1,5,
945,jet,2,0,
945,jet,3,3,
946,photon,0,4,0.0
946,photon,1,1,0.0
946,jet,0,8,
946,jet,1,0,
946,jet,2,1,
946,jet,3,0,
946,jet,4,0,
947,photon,0,0,0.0
947,jet,0,0,
947,jet,1,5,
947,jet,2,1,
947,jet,3,1,
947,jet,4,2,
947,jet,5,5,
947,jet,6,0,
947,jet,7,2,
948,photon,0,2,0.0
948,jet,0,3,
948,jet,1,1,
948,jet,2,9,
948,jet,3,2,
948,jet,4,0,
948,jet,5,0,
950,photon,0,2,0.0
950,jet,0,1,
950,jet,1,5,
950,jet,2,5,
950,jet,3,3,
950,jet,4,0,
950,jet,5,0,
951,photon,0,0,0.0
951,photon,1,1,0.0
951,jet,0,4,
951,jet,1,4,
951,jet,2,0,
951,jet,3,0,
951,jet,4,0,
952,photon,0,1,0.0
952,jet,0,7,
952,jet,1,3,
952,jet,2,2,
952,jet,3,1,
952,jet,4,1,
953,jet,0,2,
953,jet,1,4,
953,jet,2,1,
953,jet,3,2,
953,jet,4,0,
953,jet,5,0,
953,jet,6,0,
954,jet,0,2,
954,jet,1,2,
954,jet,2,6,
954,jet,3,5,
954,jet,4,2,
954,jet,5,0,
954,jet,6,0,
955,photon,0,0,0.0
955,jet,0,8,
955,jet,1,3,
955,jet,2,2,
955,jet,3,2,
956,jet,0,3,
956,jet,1,4,
956,jet,2,3,
956,jet,3,2,
956,jet,4,1,
956,jet,5,3,
956,jet,6,0,
956,jet,7,4,
956,jet,8,1,
956,jet,9,0,
957,jet,0,5,
957,jet,1,4,
957,jet,2,1,
957,jet,3,5,
957,jet,4,0,
957,jet,5,0,
957,jet,6,1,
959,photon,0,1,0.0
959,jet,0,8,
959,jet,1,5,
959,jet,2,3,
959,jet,3,1,
959,jet,4,2,
959,jet,5,1,
959,jet,6,2,
959,jet,7,1,
961,photon,0,2,0.0
961,jet,0,0,
961,jet,1,1,
962,photon,0,1,0.0
962,photon,1,1,0.0
962,jet,0,4,
962,jet,1,4,
962,jet,2,3,
962,jet,3,2,
962,jet,4,0,
962,jet,5,2,
962,jet,6,1,
963,photon,0,2,0.0
963,jet,0,7,
963,jet,1,1,
963,jet,2,0,
963,jet,3,0,
963,jet,4,1,
964,photon,0,1,0.0
964,jet,0,7,
964,jet,1,1,
964,jet,2,2,
964,jet,3,1,
964,jet,4,1,
964,jet,5,1,
965,photon,0,0,0.0
965,photon,1,0,0.0
965,jet,0,10,
965,jet,1,2,
965,jet,2,3,
965,jet,3,3,
965,jet,4,3,
966,photon,0,0,0.0
966,jet,0,4,
966,jet,1,2,
966,jet,2,4,
967,photon,0,1,0.0
967,jet,0,8,
967,jet,1,0,
967,jet,2,0,
968,jet,0,2,
968,jet,1,6,
968,jet,2,4,
968,jet,3,4,
968,jet,4,2,
968,jet,5,1,
968,jet,6,2,
968,jet,7,1,
968,jet,8,0,
968,jet,9,2,
968,jet,10,1,
968,jet,11,1,
969,photon,0,1,0.0
969,photon,1,0,0.0
969,jet,0,6,
969,jet,1,3,
969,jet,2,3,
969,jet,3,1,
969,jet,4,4,
969,jet,5,2,
970,photon,0,0,0.0
970,photon,1,3,0.0
970,jet,0,9,
970,jet,1,5,
971,photon,0,0,0.0
971,jet,0,2,
971,jet,1,6,
971,jet,2,1,
972,photon,0,2,0.0
972,jet,0,3,
972,jet,1,4,
973,photon,0,1,0.0
973,jet,0,8,
973,jet,1,4,
973,jet,2,2,
973,jet,3,1,
973,jet,4,3,
973,jet,5,1,
973,jet,6,0,
973,jet,7,1,
973,jet,8,0,
973,jet,9,1,
974,jet,0,2,
974,jet,1,8,
974,jet,2,3,
974,jet,3,0,
975,photon,0,0,0.0
975,jet,0,4,
975,jet,1,3,
975,jet,2,3,
975,jet,3,1,
976,photon,0,0,0.0
976,jet,0,3,
976,jet,1,1,
976,jet,2,3,
976,jet,3,4,
976,jet,4,2,
976,jet,5,2,
977,jet,0,4,
977,jet,1,7,
977,jet,2,3,
977,jet,3,2,
977,jet,4,1,
977,jet,5,2,
978,photon,0,1,0.0
978,jet,0,5,
978,jet,1,2,
978,jet,2,3,
978,jet,3,3,
978,jet,4,0,
979,jet,0,2,
979,jet,1,5,
979,jet,2,0,
979,jet,3,5,
979,jet,4,2,
979,jet,5,4,
979,jet,6,2,
980,photon,0,1,0.0
980,jet,0,7,
980,jet,1,6,
980,jet,2,1,
980,jet,3,2,
981,photon,0,2,0.0
981,photon,1,0,0.0
981,jet,0,10,
981,jet,1,6,
981,jet,2,1,
981,jet,3,1,
981,jet,4,0,
981,jet,5,4,
983,photon,0,0,0.0
983,jet,0,4,
983,jet,1,1,
983,jet,2,8,
983,jet,3,2,
984,photon,0,0,0.0
984,jet,0,3,
984,jet,1,3,
984,jet,2,3,
984,jet,3,1,
984,jet,4,1,
984,jet,5,3,
984,jet,6,3,
984,jet,7,1,
984,jet,8,1,
984,jet,9,2,
984,jet,10,0,
985,photon,0,1,0.0
985,jet,0,6,
985,jet,1,5,
985,jet,2,5,
985,jet,3,2,
985,jet,4,5,
985,jet,5,1,
985,jet,6,1,
985,jet,7,1,
986,photon,0,1,0.0
986,jet,0,0,
986,jet,1,5,
986,jet,2,6,
986,jet,3,2,
986,jet,4,4,
988,photon,0,0,0.0
988,photon,1,1,0.0
988,jet,0,10,
988,jet,1,2,
988,jet,2,0,
988,jet,3,1,
989,photon,0,1,0.0
989,jet,0,2,
989,jet,1,1,
989,jet,2,2,
989,jet,3,0,
989,jet,4,0,
989,jet,5,1,
989,jet,6,1,
989,jet,7,2,
989,jet,8,1,
989,jet,9,0,
990,photon,0,0,0.0
990,jet,0,6,
990,jet,1,13,
990,jet,2,1,
990,jet,3,2,
990,jet,4,1,
990,jet,5,1,
990,jet,6,3,
991,photon,0,2,0.0
991,jet,0,6,
991,jet,1,3,
991,jet,2,4,
991,jet,3,2,
991,jet,4,1,
992,photon,0,0,0.0
992,jet,0,4,
992,jet,1,6,
992,jet,2,7,
992,jet,3,3,
992,jet,4,0,
993,photon,0,2,0.0
993,jet,0,4,
993,jet,1,4,
993,jet,2,3,
993,jet,3,1,
993,jet,4,0,
993,jet,5,0,
993,jet,6,0,
994,photon,0,1,0.0
994,jet,0,2,
994,jet,1,6,
994,jet,2,3,
994,jet,3,0,
994,jet,4,3,
995,photon,0,1,0.0
995,jet,0,0,
995,jet,1,5,
995,jet,2,8,
995,jet,3,4,
995,jet,4,6,
995,jet,5,3,
995,jet,6,5,
995,jet,7,3,
996,photon,0,3,0.0
996,photon,1,1,0.0
996,jet,0,4,
996,jet,1,5,
996,jet,2,1,
996,jet,3,1,
996,jet,4,2,
996,jet,5,3,
996,jet,6,1,
996,jet,7,1,
996,jet,8,1,
997,photon,0,0,0.0
997,jet,0,11,
997,jet,1,5,
997,jet,2,1,
997,jet,3,1,
997,jet,4,0,
997,jet,5,1,
997,jet,6,3,
998,photon,0,0,0.0
998,jet,0,13,
998,jet,1,0,
998,jet,2,8,
998,jet,3,3,
998,jet,4,1,
999,photon,0,1,0.0
999,photon,1,0,0.0
999,jet,0,6,
999,jet,1,2,
999,jet,2,1,
999,jet,3,1,
1000,photon,0,0,0.0
